-- MySQL dump 10.16  Distrib 10.1.21-MariaDB, for Win32 (AMD64)
--
-- Host: localhost    Database: localhost
-- ------------------------------------------------------
-- Server version	10.1.21-MariaDB

/*!40101 SET @OLD_CHARACTER_SET_CLIENT=@@CHARACTER_SET_CLIENT */;
/*!40101 SET @OLD_CHARACTER_SET_RESULTS=@@CHARACTER_SET_RESULTS */;
/*!40101 SET @OLD_COLLATION_CONNECTION=@@COLLATION_CONNECTION */;
/*!40101 SET NAMES utf8 */;
/*!40103 SET @OLD_TIME_ZONE=@@TIME_ZONE */;
/*!40103 SET TIME_ZONE='+00:00' */;
/*!40014 SET @OLD_UNIQUE_CHECKS=@@UNIQUE_CHECKS, UNIQUE_CHECKS=0 */;
/*!40014 SET @OLD_FOREIGN_KEY_CHECKS=@@FOREIGN_KEY_CHECKS, FOREIGN_KEY_CHECKS=0 */;
/*!40101 SET @OLD_SQL_MODE=@@SQL_MODE, SQL_MODE='NO_AUTO_VALUE_ON_ZERO' */;
/*!40111 SET @OLD_SQL_NOTES=@@SQL_NOTES, SQL_NOTES=0 */;

--
-- Current Database: `dbblvendas`
--

CREATE DATABASE /*!32312 IF NOT EXISTS*/ `dbblvendas` /*!40100 DEFAULT CHARACTER SET latin1 */;

USE `dbblvendas`;

--
-- Table structure for table `caixa`
--

DROP TABLE IF EXISTS `caixa`;
/*!40101 SET @saved_cs_client     = @@character_set_client */;
/*!40101 SET character_set_client = utf8 */;
CREATE TABLE `caixa` (
  `codigo` int(11) NOT NULL AUTO_INCREMENT,
  `caixa_numero` int(11) unsigned NOT NULL,
  `dinheiro` double NOT NULL DEFAULT '0',
  `cheque` double NOT NULL DEFAULT '0',
  `cartao` double NOT NULL DEFAULT '0',
  `vale` double NOT NULL DEFAULT '0',
  `codigo_usuario` int(10) unsigned NOT NULL,
  `status` int(1) DEFAULT '0',
  `data_abertura` date DEFAULT NULL,
  `data_fechamento` date DEFAULT NULL,
  PRIMARY KEY (`codigo`),
  UNIQUE KEY `codigo_UNIQUE` (`caixa_numero`),
  KEY `fk_caixa_usuarios1_idx` (`codigo_usuario`),
  CONSTRAINT `fk_caixa_usuarios1` FOREIGN KEY (`codigo_usuario`) REFERENCES `usuarios` (`pk_codigo`) ON DELETE NO ACTION ON UPDATE NO ACTION
) ENGINE=InnoDB AUTO_INCREMENT=2 DEFAULT CHARSET=latin1;
/*!40101 SET character_set_client = @saved_cs_client */;

--
-- Dumping data for table `caixa`
--

LOCK TABLES `caixa` WRITE;
/*!40000 ALTER TABLE `caixa` DISABLE KEYS */;
INSERT INTO `caixa` VALUES (1,1,0,0,0,0,1,1,'2019-06-10',NULL);
/*!40000 ALTER TABLE `caixa` ENABLE KEYS */;
UNLOCK TABLES;

--
-- Table structure for table `cfop`
--

DROP TABLE IF EXISTS `cfop`;
/*!40101 SET @saved_cs_client     = @@character_set_client */;
/*!40101 SET character_set_client = utf8 */;
CREATE TABLE `cfop` (
  `codigo` int(11) NOT NULL AUTO_INCREMENT,
  `cfop` int(11) DEFAULT NULL,
  `descricao` varchar(100) COLLATE latin1_general_ci DEFAULT NULL,
  `observacao` varchar(200) COLLATE latin1_general_ci DEFAULT NULL,
  `faturamento` int(11) DEFAULT NULL,
  `financeiro` int(11) DEFAULT NULL,
  `seque_cfop` int(11) DEFAULT NULL,
  `operacao` varchar(1) COLLATE latin1_general_ci DEFAULT NULL,
  PRIMARY KEY (`codigo`)
) ENGINE=InnoDB AUTO_INCREMENT=134 DEFAULT CHARSET=latin1 COLLATE=latin1_general_ci;
/*!40101 SET character_set_client = @saved_cs_client */;

--
-- Dumping data for table `cfop`
--

LOCK TABLES `cfop` WRITE;
/*!40000 ALTER TABLE `cfop` DISABLE KEYS */;
INSERT INTO `cfop` VALUES (1,1101,'MERC. FABRICACAO PROPRIA',NULL,1,0,1,'E'),(2,1102,'MERC. ADQ. DE TERCEIROS',NULL,1,0,1,'E'),(3,1202,'DEVOLUCAO FATURAMENTO',NULL,1,0,1,'E'),(4,1202,'DEV.FAT.ENTREGA FUTURA',NULL,1,0,2,'E'),(5,1202,'DEV.REM.VDA ENTREGA FUTURA',NULL,1,0,3,'E'),(6,1202,'ESTORNO DEV COMPRAS',NULL,1,0,4,'E'),(7,1253,'COMPRA DE ENERGIA ELETRICA',NULL,1,0,1,'E'),(8,1303,'AQUISICAO SERV COMUNICACAO',NULL,1,0,1,'E'),(9,1353,'AQUISICAO SERV TRANSPORTE',NULL,1,0,1,'E'),(10,1403,'COMPRA P/COM REGIME ST','',1,0,1,'E'),(11,1407,'COMPRA CONSUMO SUBST TRIBU',NULL,1,0,1,'E'),(12,1411,'DEV FATURAMENTO C/ ST',NULL,1,0,1,'E'),(13,1551,'COMPRA IMOBILIZADO',NULL,1,0,1,'E'),(14,1556,'COMPRA MATERIAL USO OU CONSUMO',NULL,1,0,1,'E'),(15,1653,'COMPRA COMBUST OU LUBRIFICANTE',NULL,1,0,1,'E'),(16,1905,'ENTRADA DE ARMAZENAMENTO',NULL,1,0,1,'E'),(17,1905,'ESTOQUE ENTR.FUTURA',NULL,1,0,2,'E'),(18,1906,'DEV.RET.ARMAZENAMENTO',NULL,1,0,1,'E'),(19,1910,'BONIFICACAO-ENTRADA',NULL,1,0,1,'E'),(20,1911,'ENTRADA AMOSTRA GRATIS',NULL,1,0,1,'E'),(21,1912,'DEMONSTRACAO DE MERCADORIA',NULL,1,0,1,'E'),(22,1920,'REM VASILHAME SACARIA',NULL,1,0,1,'E'),(23,1933,'AQUISICAO SE SERVICO TRIB',NULL,1,0,1,'E'),(24,1949,'OUTRAS ENTRADAS OU AQUISICOES',NULL,1,0,1,'E'),(25,1949,'DEVOL.CONSIGNACAO',NULL,1,0,2,'E'),(26,1949,'DEGUSTACAO-ENTRADA',NULL,1,0,3,'E'),(27,2101,'MERC. FABRICACAO PROPRIA',NULL,1,0,1,'I'),(28,2102,'MERC. ADQ. DE TERCEIROS',NULL,1,0,1,'I'),(29,2102,'IMPORTACAO ADQ MERC INTERNO',NULL,1,0,2,'I'),(30,2202,'DEVOLUCAO FATURAMENTO',NULL,1,0,1,'I'),(31,2202,'DEV.FAT.ENTREGA FUTURA',NULL,1,0,2,'I'),(32,2202,'DEV.REM.VDA ENTREGA FUTURA',NULL,1,0,3,'I'),(33,2202,'ESTORNO DEV COMPRAS',NULL,1,0,4,'I'),(34,2303,'AQUISICAO SERV DE COMUNICACAO',NULL,1,0,1,'I'),(35,2403,'COMPRA P/COM REGIME ST',NULL,1,0,1,'I'),(36,2411,'DEV FATURAMENTO C/ ST',NULL,1,0,1,'I'),(37,2551,'IMOBILIZADO',NULL,1,0,1,'I'),(38,2556,'COMPRA MATERIAL USO/CONSUMO',NULL,1,0,1,'I'),(39,2905,'ENTRADA DE ARMAZENAMENTO',NULL,1,0,1,'I'),(40,2905,'ESTOQUE ENTR.FUTURA',NULL,1,0,2,'I'),(41,2906,'DEV.RET.ARMAZENAMENTO',NULL,1,0,1,'I'),(42,2910,'BONIFICACAO-ENTRADA',NULL,1,0,1,'I'),(43,2911,'ENTRADA AMOSTRA GRATIS',NULL,1,0,1,'I'),(44,2920,'REMESSA VASILHAME SACARIA',NULL,1,0,1,'I'),(45,2949,'OUTRAS ENTRADAS OU AQUISICOES',NULL,1,0,1,'I'),(46,2949,'DEVOL.CONSIGNACAO',NULL,1,0,2,'I'),(47,2949,'DEGUSTACAO-ENTRADA',NULL,1,0,3,'I'),(48,5101,'MERC. FABRICACAO PROPRIA',NULL,1,0,1,'E'),(49,5102,'VENDA MERC. ADQ. 3.',NULL,1,0,1,'E'),(50,5102,'DIFERIDO',NULL,1,0,4,'E'),(51,5102,'MERC.ADQ.TERCEIROS',NULL,1,0,3,'E'),(52,5117,'REMESSA VENDA ENTREGA FUTURA',NULL,1,0,1,'E'),(53,5202,'DEVOLUCAO DE COMPRAS',NULL,1,0,1,'E'),(54,5353,'COMISSAO FRETE',NULL,1,0,1,'E'),(55,5404,'VDA ADQ TERC C/SUB TRIBUTARIA',NULL,1,0,1,'E'),(56,5405,'VDA ADQ TERC C/SUB TRIBUTARIA',NULL,1,0,1,'E'),(57,5411,'DEV COMPRAS C/ ST',NULL,1,0,1,'E'),(58,5551,'VENDAS ATIVO IMOBILIZADO',NULL,1,0,1,'E'),(59,5555,'DEV.INSTR.DE TRABALHO',NULL,1,0,1,'E'),(60,5901,'REMESSA P/INDUSTRIALIZACAO',NULL,1,0,1,'E'),(61,5905,'REMESSA PARA ARMAZENAMENTO',NULL,1,0,1,'E'),(62,5906,'RETORNO ARMAZENAMENTO',NULL,1,0,1,'E'),(63,5908,'COMODATO CFE.CONTRATO',NULL,1,0,1,'E'),(64,5909,'RETORNO DE COMODATO',NULL,1,0,1,'E'),(65,5910,'BONIFICACAO',NULL,1,0,1,'E'),(66,5910,'DEMONSTRACAO',NULL,1,0,2,'E'),(67,5910,'BRINDE',NULL,1,0,12,'E'),(68,5910,'DOACAO',NULL,1,0,13,'E'),(69,5915,'REMESSA P/CONSERTO',NULL,1,0,1,'E'),(70,5917,'CONSIGNACAO',NULL,1,0,1,'E'),(71,5921,'DEVOLUCAO REMESSA P/DEPOS.',NULL,1,0,1,'E'),(72,5921,'RETORNO VASILHAME PALLETS',NULL,1,0,2,'E'),(73,5922,'VENDA ENTREGA FUTURA',NULL,1,0,1,'E'),(74,5923,'REM MERC POR CONTA E ORDEM',NULL,1,0,1,'E'),(75,5927,'BAIXA P/PERDA',NULL,1,0,1,'E'),(76,5933,'PREST SERV-COMISSAO',NULL,1,0,1,'E'),(77,5949,'OUTRAS SAIDAS OU PREST.SERVICO',NULL,1,0,1,'E'),(78,5949,'SIMPLES REMESSA',NULL,1,0,2,'E'),(79,5949,'DEV.REM.EQUIPAMENTO',NULL,1,0,5,'E'),(80,5949,'OUTRAS SAIDAS',NULL,1,0,6,'E'),(81,5949,'DEV.REMESSA COMODATO',NULL,1,0,7,'E'),(82,5949,'DEV.DE LOCACAO',NULL,1,0,8,'E'),(83,5949,'DEV.EMPR.COMODATO',NULL,1,0,9,'E'),(84,5949,'REMESSA P/TROCA',NULL,1,0,10,'E'),(85,5949,'REMESSA PROD.P/ANALISE',NULL,1,0,11,'E'),(86,5949,'DEV.SIMPLES REMESSA',NULL,1,0,12,'E'),(87,5949,'ARRENDAMENTO MERCANTIL',NULL,1,0,4,'E'),(88,5949,'ESTORNO CREDITO ICMS',NULL,1,0,13,'E'),(89,5949,'DEV TROCA EM GARANTIA',NULL,1,0,14,'E'),(90,5949,'RETORNO ARMAZENAMENTO',NULL,1,0,15,'E'),(91,6101,'MERC. FABRICACAO PROPRIA',NULL,1,0,1,'I'),(92,6102,'VENDA MERC. ADQ. DE 3.',NULL,1,0,1,'I'),(93,6102,'MERC.ADQ.TERCEIROS',NULL,1,0,3,'I'),(94,6102,'DIFERIDO',NULL,1,0,4,'I'),(95,6117,'REMESSA VENDA ENTREGA FUTURA',NULL,1,0,1,'I'),(96,6202,'DEVOLUCAO DE COMPRAS',NULL,1,0,1,'I'),(97,6363,'COMISSAO FRETE',NULL,1,0,1,'I'),(98,6404,'VDA ADQ TERC C/SUB TRIBUTARIA',NULL,1,0,1,'I'),(99,6405,'VDA ADQ TERC C/SUB TRIBUTARIA',NULL,1,0,1,'I'),(100,6411,'DEV COMPRAS C/ ST',NULL,1,0,1,'I'),(101,6551,'VENDAS ATIVO IMOBILIZADO',NULL,1,0,1,'I'),(102,6555,'DEV.INSTR.DE TRABALHO',NULL,1,0,1,'I'),(103,6901,'REMESSA P/INDUSTRIALIZACAO',NULL,1,0,1,'I'),(104,6906,'RETORNO ARMAZENAMENTO',NULL,1,0,1,'I'),(105,6908,'COMODATO CFE.CONTRATO',NULL,1,0,1,'I'),(106,6909,'RETORNO DE COMODATO',NULL,1,0,1,'I'),(107,6910,'BONIFICACAO',NULL,1,0,1,'I'),(108,6910,'DEMONSTRACAO',NULL,1,0,2,'I'),(109,6910,'DOACAO',NULL,1,0,13,'I'),(110,6910,'BRINDE',NULL,1,0,12,'I'),(111,6915,'REMESSA P/CONSERTO',NULL,1,0,1,'I'),(112,6917,'CONSIGNACAO',NULL,1,0,1,'I'),(113,6921,'DEVOLUCAO REMESSA P/DEPOS.',NULL,1,0,1,'I'),(114,6921,'RETORNO VASILHAME PALLETS',NULL,1,0,2,'I'),(115,6922,'VENDA ENTREGA FUTURA',NULL,1,0,1,'I'),(116,6923,'REM MERC POR CONTA E ORDEM',NULL,1,0,1,'I'),(117,6927,'BAIXA P/PERDA',NULL,1,0,1,'I'),(118,6933,'PREST SERV-COMISSAO',NULL,1,0,1,'I'),(119,6949,'OUTRAS SAIDAS OU PREST.SERVICO',NULL,1,0,1,'I'),(120,6949,'SIMPLES REMESSA',NULL,1,0,2,'I'),(121,6949,'DEV.REM.EQUIPAMENTO',NULL,1,0,5,'I'),(122,6949,'OUTRAS SAIDAS',NULL,1,0,6,'I'),(123,6949,'DEV.REMESSA COMODATO',NULL,1,0,7,'I'),(124,6949,'DEV.DE LOCACAO',NULL,1,0,8,'I'),(125,6949,'DEV.EMPR.COMODATO',NULL,1,0,9,'I'),(126,6949,'REMESSA P/TROCA',NULL,1,0,10,'I'),(127,6949,'REMESSA PROD.P/ANALISE',NULL,1,0,11,'I'),(128,6949,'ARRENDAMENTO MERCANTIL',NULL,1,0,4,'I'),(129,6949,'DEV.SIMPLES REMESSA',NULL,1,0,12,'I'),(130,6949,'ESTORNO CREDITO ICMS',NULL,1,0,13,'I'),(131,6949,'DEV TROCA EM GARANITA',NULL,1,0,14,'I'),(132,6949,'RETORNO ARMAZENAMENTO',NULL,1,0,15,'I'),(133,9999,'DIVERSOS',NULL,1,0,1,'E');
/*!40000 ALTER TABLE `cfop` ENABLE KEYS */;
UNLOCK TABLES;

--
-- Table structure for table `cidade`
--

DROP TABLE IF EXISTS `cidade`;
/*!40101 SET @saved_cs_client     = @@character_set_client */;
/*!40101 SET character_set_client = utf8 */;
CREATE TABLE `cidade` (
  `codigo_ibge` int(11) NOT NULL,
  `codigo` int(11) NOT NULL AUTO_INCREMENT,
  `nome` varchar(100) DEFAULT NULL,
  `fk_cod_estado` int(11) NOT NULL,
  PRIMARY KEY (`codigo`),
  KEY `fk_cidade_estado1_idx` (`fk_cod_estado`),
  CONSTRAINT `fk_cidade_estado1` FOREIGN KEY (`fk_cod_estado`) REFERENCES `estado` (`codigo`) ON DELETE NO ACTION ON UPDATE NO ACTION
) ENGINE=InnoDB AUTO_INCREMENT=5567 DEFAULT CHARSET=utf8;
/*!40101 SET character_set_client = @saved_cs_client */;

--
-- Dumping data for table `cidade`
--

LOCK TABLES `cidade` WRITE;
/*!40000 ALTER TABLE `cidade` DISABLE KEYS */;
INSERT INTO `cidade` VALUES (1100015,1,'ALTA FLORESTA DOESTE',11),(1100023,2,'ARIQUEMES',11),(1100031,3,'CABIXI',11),(1100049,4,'CACOAL',11),(1100056,5,'CEREJEIRAS',11),(1100064,6,'COLORADO DO OESTE',11),(1100072,7,'CORUMBIARA',11),(1100080,8,'COSTA MARQUES',11),(1100098,9,'ESPIGÃO DOESTE',11),(1100106,10,'GUAJARÁ-MIRIM',11),(1100114,11,'JARU',11),(1100122,12,'JI-PARANÁ',11),(1100130,13,'MACHADINHO DOESTE',11),(1100148,14,'NOVA BRASILÂNDIA DOESTE',11),(1100155,15,'OURO PRETO DO OESTE',11),(1100189,16,'PIMENTA BUENO',11),(1100205,17,'PORTO VELHO',11),(1100254,18,'PRESIDENTE MÉDICI',11),(1100262,19,'RIO CRESPO',11),(1100288,20,'ROLIM DE MOURA',11),(1100296,21,'SANTA LUZIA DOESTE',11),(1100304,22,'VILHENA',11),(1100320,23,'SÃO MIGUEL DO GUAPORÉ',11),(1100338,24,'NOVA MAMORÉ',11),(1100346,25,'ALVORADA D OESTE',11),(1100379,26,'ALTO ALEGRE DOS PARECIS',11),(1100403,27,'ALTO PARAÍSO',11),(1100452,28,'BURITIS',11),(1100502,29,'NOVO HORIZONTE DO OESTE',11),(1100601,30,'CACAULÂNDIA',11),(1100700,31,'CAMPO NOVO DE RONDÔNIA',11),(1100809,32,'CANDEIAS DO JAMARI',11),(1100908,33,'CASTANHEIRAS',11),(1100924,34,'CHUPINGUAIA',11),(1100940,35,'CUJUBIM',11),(1101005,36,'GOVERNADOR JORGE TEIXEIRA',11),(1101104,37,'ITAPUÃ DO OESTE',11),(1101203,38,'MINISTRO ANDREAZZA',11),(1101302,39,'MIRANTE DA SERRA',11),(1101401,40,'MONTE NEGRO',11),(1101435,41,'NOVA UNIÃO',11),(1101450,42,'PARECIS',11),(1101468,43,'PIMENTEIRAS DO OESTE',11),(1101476,44,'PRIMAVERA DE RONDÔNIA',11),(1101484,45,'SÃO FELIPE DOESTE',11),(1101492,46,'SÃO FRANCISCO DO GUAPORÉ',11),(1101500,47,'SERINGUEIRAS',11),(1101559,48,'TEIXEIRÓPOLIS',11),(1101609,49,'THEOBROMA',11),(1101708,50,'URUPÁ',11),(1101757,51,'VALE DO ANARI',11),(1101807,52,'VALE DO PARAÍSO',11),(1200013,53,'ACRELÂNDIA',12),(1200054,54,'ASSIS BRASIL',12),(1200104,55,'BRASILÉIA',12),(1200138,56,'BUJARI',12),(1200179,57,'CAPIXABA',12),(1200203,58,'CRUZEIRO DO SUL',12),(1200252,59,'EPITACIOLÂNDIA',12),(1200302,60,'FEIJÓ',12),(1200328,61,'JORDÃO',12),(1200336,62,'MÂNCIO LIMA',12),(1200344,63,'MANOEL URBANO',12),(1200351,64,'MARECHAL THAUMATURGO',12),(1200385,65,'PLÁCIDO DE CASTRO',12),(1200393,66,'PORTO WALTER',12),(1200401,67,'RIO BRANCO',12),(1200427,68,'RODRIGUES ALVES',12),(1200435,69,'SANTA ROSA DO PURUS',12),(1200450,70,'SENADOR GUIOMARD',12),(1200500,71,'SENA MADUREIRA',12),(1200609,72,'TARAUACÁ',12),(1200708,73,'XAPURI',12),(1200807,74,'PORTO ACRE',12),(1300029,75,'ALVARÃES',13),(1300060,76,'AMATURÁ',13),(1300086,77,'ANAMÃ',13),(1300102,78,'ANORI',13),(1300144,79,'APUÍ',13),(1300201,80,'ATALAIA DO NORTE',13),(1300300,81,'AUTAZES',13),(1300409,82,'BARCELOS',13),(1300508,83,'BARREIRINHA',13),(1300607,84,'BENJAMIN CONSTANT',13),(1300631,85,'BERURI',13),(1300680,86,'BOA VISTA DO RAMOS',13),(1300706,87,'BOCA DO ACRE',13),(1300805,88,'BORBA',13),(1300839,89,'CAAPIRANGA',13),(1300904,90,'CANUTAMA',13),(1301001,91,'CARAUARI',13),(1301100,92,'CAREIRO',13),(1301159,93,'CAREIRO DA VÁRZEA',13),(1301209,94,'COARI',13),(1301308,95,'CODAJÁS',13),(1301407,96,'EIRUNEPÉ',13),(1301506,97,'ENVIRA',13),(1301605,98,'FONTE BOA',13),(1301654,99,'GUAJARÁ',13),(1301704,100,'HUMAITÁ',13),(1301803,101,'IPIXUNA',13),(1301852,102,'IRANDUBA',13),(1301902,103,'ITACOATIARA',13),(1301951,104,'ITAMARATI',13),(1302009,105,'ITAPIRANGA',13),(1302108,106,'JAPURÁ',13),(1302207,107,'JURUÁ',13),(1302306,108,'JUTAÍ',13),(1302405,109,'LÁBREA',13),(1302504,110,'MANACAPURU',13),(1302553,111,'MANAQUIRI',13),(1302603,112,'MANAUS',13),(1302702,113,'MANICORÉ',13),(1302801,114,'MARAÃ',13),(1302900,115,'MAUÉS',13),(1303007,116,'NHAMUNDÁ',13),(1303106,117,'NOVA OLINDA DO NORTE',13),(1303205,118,'NOVO AIRÃO',13),(1303304,119,'NOVO ARIPUANÃ',13),(1303403,120,'PARINTINS',13),(1303502,121,'PAUINI',13),(1303536,122,'PRESIDENTE FIGUEIREDO',13),(1303569,123,'RIO PRETO DA EVA',13),(1303601,124,'SANTA ISABEL DO RIO NEGRO',13),(1303700,125,'SANTO ANTÔNIO DO IÇÁ',13),(1303809,126,'SÃO GABRIEL DA CACHOEIRA',13),(1303908,127,'SÃO PAULO DE OLIVENÇA',13),(1303957,128,'SÃO SEBASTIÃO DO UATUMÃ',13),(1304005,129,'SILVES',13),(1304062,130,'TABATINGA',13),(1304104,131,'TAPAUÁ',13),(1304203,132,'TEFÉ',13),(1304237,133,'TONANTINS',13),(1304260,134,'UARINI',13),(1304302,135,'URUCARÁ',13),(1304401,136,'URUCURITUBA',13),(1400027,137,'AMAJARI',14),(1400050,138,'ALTO ALEGRE',14),(1400100,139,'BOA VISTA',14),(1400159,140,'BONFIM',14),(1400175,141,'CANTÁ',14),(1400209,142,'CARACARAÍ',14),(1400233,143,'CAROEBE',14),(1400282,144,'IRACEMA',14),(1400308,145,'MUCAJAÍ',14),(1400407,146,'NORMANDIA',14),(1400456,147,'PACARAIMA',14),(1400472,148,'RORAINÓPOLIS',14),(1400506,149,'SÃO JOÃO DA BALIZA',14),(1400605,150,'SÃO LUIZ',14),(1400704,151,'UIRAMUTÃ',14),(1500107,152,'ABAETETUBA',15),(1500131,153,'ABEL FIGUEIREDO',15),(1500206,154,'ACARÁ',15),(1500305,155,'AFUÁ',15),(1500347,156,'ÁGUA AZUL DO NORTE',15),(1500404,157,'ALENQUER',15),(1500503,158,'ALMEIRIM',15),(1500602,159,'ALTAMIRA',15),(1500701,160,'ANAJÁS',15),(1500800,161,'ANANINDEUA',15),(1500859,162,'ANAPU',15),(1500909,163,'AUGUSTO CORRÊA',15),(1500958,164,'AURORA DO PARÁ',15),(1501006,165,'AVEIRO',15),(1501105,166,'BAGRE',15),(1501204,167,'BAIÃO',15),(1501253,168,'BANNACH',15),(1501303,169,'BARCARENA',15),(1501402,170,'BELÉM',15),(1501451,171,'BELTERRA',15),(1501501,172,'BENEVIDES',15),(1501576,173,'BOM JESUS DO TOCANTINS',15),(1501600,174,'BONITO',15),(1501709,175,'BRAGANÇA',15),(1501725,176,'BRASIL NOVO',15),(1501758,177,'BREJO GRANDE DO ARAGUAIA',15),(1501782,178,'BREU BRANCO',15),(1501808,179,'BREVES',15),(1501907,180,'BUJARU',15),(1501956,181,'CACHOEIRA DO PIRIÁ',15),(1502004,182,'CACHOEIRA DO ARARI',15),(1502103,183,'CAMETÁ',15),(1502152,184,'CANAÃ DOS CARAJÁS',15),(1502202,185,'CAPANEMA',15),(1502301,186,'CAPITÃO POÇO',15),(1502400,187,'CASTANHAL',15),(1502509,188,'CHAVES',15),(1502608,189,'COLARES',15),(1502707,190,'CONCEIÇÃO DO ARAGUAIA',15),(1502756,191,'CONCÓRDIA DO PARÁ',15),(1502764,192,'CUMARU DO NORTE',15),(1502772,193,'CURIONÓPOLIS',15),(1502806,194,'CURRALINHO',15),(1502855,195,'CURUÁ',15),(1502905,196,'CURUÇÁ',15),(1502939,197,'DOM ELISEU',15),(1502954,198,'ELDORADO DOS CARAJÁS',15),(1503002,199,'FARO',15),(1503044,200,'FLORESTA DO ARAGUAIA',15),(1503077,201,'GARRAFÃO DO NORTE',15),(1503093,202,'GOIANÉSIA DO PARÁ',15),(1503101,203,'GURUPÁ',15),(1503200,204,'IGARAPÉ-AÇU',15),(1503309,205,'IGARAPÉ-MIRI',15),(1503408,206,'INHANGAPI',15),(1503457,207,'IPIXUNA DO PARÁ',15),(1503507,208,'IRITUIA',15),(1503606,209,'ITAITUBA',15),(1503705,210,'ITUPIRANGA',15),(1503754,211,'JACAREACANGA',15),(1503804,212,'JACUNDÁ',15),(1503903,213,'JURUTI',15),(1504000,214,'LIMOEIRO DO AJURU',15),(1504059,215,'MÃE DO RIO',15),(1504109,216,'MAGALHÃES BARATA',15),(1504208,217,'MARABÁ',15),(1504307,218,'MARACANÃ',15),(1504406,219,'MARAPANIM',15),(1504422,220,'MARITUBA',15),(1504455,221,'MEDICILÂNDIA',15),(1504505,222,'MELGAÇO',15),(1504604,223,'MOCAJUBA',15),(1504703,224,'MOJU',15),(1504802,225,'MONTE ALEGRE',15),(1504901,226,'MUANÁ',15),(1504950,227,'NOVA ESPERANÇA DO PIRIÁ',15),(1504976,228,'NOVA IPIXUNA',15),(1505007,229,'NOVA TIMBOTEUA',15),(1505031,230,'NOVO PROGRESSO',15),(1505064,231,'NOVO REPARTIMENTO',15),(1505106,232,'ÓBIDOS',15),(1505205,233,'OEIRAS DO PARÁ',15),(1505304,234,'ORIXIMINÁ',15),(1505403,235,'OURÉM',15),(1505437,236,'OURILÂNDIA DO NORTE',15),(1505486,237,'PACAJÁ',15),(1505494,238,'PALESTINA DO PARÁ',15),(1505502,239,'PARAGOMINAS',15),(1505536,240,'PARAUAPEBAS',15),(1505551,241,'PAU DARCO',15),(1505601,242,'PEIXE-BOI',15),(1505635,243,'PIÇARRA',15),(1505650,244,'PLACAS',15),(1505700,245,'PONTA DE PEDRAS',15),(1505809,246,'PORTEL',15),(1505908,247,'PORTO DE MOZ',15),(1506005,248,'PRAINHA',15),(1506104,249,'PRIMAVERA',15),(1506112,250,'QUATIPURU',15),(1506138,251,'REDENÇÃO',15),(1506161,252,'RIO MARIA',15),(1506187,253,'RONDON DO PARÁ',15),(1506195,254,'RURÓPOLIS',15),(1506203,255,'SALINÓPOLIS',15),(1506302,256,'SALVATERRA',15),(1506351,257,'SANTA BÁRBARA DO PARÁ',15),(1506401,258,'SANTA CRUZ DO ARARI',15),(1506500,259,'SANTA ISABEL DO PARÁ',15),(1506559,260,'SANTA LUZIA DO PARÁ',15),(1506583,261,'SANTA MARIA DAS BARREIRAS',15),(1506609,262,'SANTA MARIA DO PARÁ',15),(1506708,263,'SANTANA DO ARAGUAIA',15),(1506807,264,'SANTARÉM',15),(1506906,265,'SANTARÉM NOVO',15),(1507003,266,'SANTO ANTÔNIO DO TAUÁ',15),(1507102,267,'SÃO CAETANO DE ODIVELAS',15),(1507151,268,'SÃO DOMINGOS DO ARAGUAIA',15),(1507201,269,'SÃO DOMINGOS DO CAPIM',15),(1507300,270,'SÃO FÉLIX DO XINGU',15),(1507409,271,'SÃO FRANCISCO DO PARÁ',15),(1507458,272,'SÃO GERALDO DO ARAGUAIA',15),(1507466,273,'SÃO JOÃO DA PONTA',15),(1507474,274,'SÃO JOÃO DE PIRABAS',15),(1507508,275,'SÃO JOÃO DO ARAGUAIA',15),(1507607,276,'SÃO MIGUEL DO GUAMÁ',15),(1507706,277,'SÃO SEBASTIÃO DA BOA VISTA',15),(1507755,278,'SAPUCAIA',15),(1507805,279,'SENADOR JOSÉ PORFÍRIO',15),(1507904,280,'SOURE',15),(1507953,281,'TAILÂNDIA',15),(1507961,282,'TERRA ALTA',15),(1507979,283,'TERRA SANTA',15),(1508001,284,'TOMÉ-AÇU',15),(1508035,285,'TRACUATEUA',15),(1508050,286,'TRAIRÃO',15),(1508084,287,'TUCUMÃ',15),(1508100,288,'TUCURUÍ',15),(1508126,289,'ULIANÓPOLIS',15),(1508159,290,'URUARÁ',15),(1508209,291,'VIGIA',15),(1508308,292,'VISEU',15),(1508357,293,'VITÓRIA DO XINGU',15),(1508407,294,'XINGUARA',15),(1600055,295,'SERRA DO NAVIO',16),(1600105,296,'AMAPÁ',16),(1600154,297,'PEDRA BRANCA DO AMAPARI',16),(1600204,298,'CALÇOENE',16),(1600212,299,'CUTIAS',16),(1600238,300,'FERREIRA GOMES',16),(1600253,301,'ITAUBAL',16),(1600279,302,'LARANJAL DO JARI',16),(1600303,303,'MACAPÁ',16),(1600402,304,'MAZAGÃO',16),(1600501,305,'OIAPOQUE',16),(1600535,306,'PORTO GRANDE',16),(1600550,307,'PRACUÚBA',16),(1600600,308,'SANTANA',16),(1600709,309,'TARTARUGALZINHO',16),(1600808,310,'VITÓRIA DO JARI',16),(1700251,311,'ABREULÂNDIA',17),(1700301,312,'AGUIARNÓPOLIS',17),(1700350,313,'ALIANÇA DO TOCANTINS',17),(1700400,314,'ALMAS',17),(1700707,315,'ALVORADA',17),(1701002,316,'ANANÁS',17),(1701051,317,'ANGICO',17),(1701101,318,'APARECIDA DO RIO NEGRO',17),(1701309,319,'ARAGOMINAS',17),(1701903,320,'ARAGUACEMA',17),(1702000,321,'ARAGUAÇU',17),(1702109,322,'ARAGUAÍNA',17),(1702158,323,'ARAGUANÃ',17),(1702208,324,'ARAGUATINS',17),(1702307,325,'ARAPOEMA',17),(1702406,326,'ARRAIAS',17),(1702554,327,'AUGUSTINÓPOLIS',17),(1702703,328,'AURORA DO TOCANTINS',17),(1702901,329,'AXIXÁ DO TOCANTINS',17),(1703008,330,'BABAÇULÂNDIA',17),(1703057,331,'BANDEIRANTES DO TOCANTINS',17),(1703073,332,'BARRA DO OURO',17),(1703107,333,'BARROLÂNDIA',17),(1703206,334,'BERNARDO SAYÃO',17),(1703305,335,'BOM JESUS DO TOCANTINS',17),(1703602,336,'BRASILÂNDIA DO TOCANTINS',17),(1703701,337,'BREJINHO DE NAZARÉ',17),(1703800,338,'BURITI DO TOCANTINS',17),(1703826,339,'CACHOEIRINHA',17),(1703842,340,'CAMPOS LINDOS',17),(1703867,341,'CARIRI DO TOCANTINS',17),(1703883,342,'CARMOLÂNDIA',17),(1703891,343,'CARRASCO BONITO',17),(1703909,344,'CASEARA',17),(1704105,345,'CENTENÁRIO',17),(1704600,346,'CHAPADA DE AREIA',17),(1705102,347,'CHAPADA DA NATIVIDADE',17),(1705508,348,'COLINAS DO TOCANTINS',17),(1705557,349,'COMBINADO',17),(1705607,350,'CONCEIÇÃO DO TOCANTINS',17),(1706001,351,'COUTO MAGALHÃES',17),(1706100,352,'CRISTALÂNDIA',17),(1706258,353,'CRIXÁS DO TOCANTINS',17),(1706506,354,'DARCINÓPOLIS',17),(1707009,355,'DIANÓPOLIS',17),(1707108,356,'DIVINÓPOLIS DO TOCANTINS',17),(1707207,357,'DOIS IRMÃOS DO TOCANTINS',17),(1707306,358,'DUERÉ',17),(1707405,359,'ESPERANTINA',17),(1707553,360,'FÁTIMA',17),(1707652,361,'FIGUEIRÓPOLIS',17),(1707702,362,'FILADÉLFIA',17),(1708205,363,'FORMOSO DO ARAGUAIA',17),(1708254,364,'FORTALEZA DO TABOCÃO',17),(1708304,365,'GOIANORTE',17),(1709005,366,'GOIATINS',17),(1709302,367,'GUARAÍ',17),(1709500,368,'GURUPI',17),(1709807,369,'IPUEIRAS',17),(1710508,370,'ITACAJÁ',17),(1710706,371,'ITAGUATINS',17),(1710904,372,'ITAPIRATINS',17),(1711100,373,'ITAPORÃ DO TOCANTINS',17),(1711506,374,'JAÚ DO TOCANTINS',17),(1711803,375,'JUARINA',17),(1711902,376,'LAGOA DA CONFUSÃO',17),(1711951,377,'LAGOA DO TOCANTINS',17),(1712009,378,'LAJEADO',17),(1712157,379,'LAVANDEIRA',17),(1712405,380,'LIZARDA',17),(1712454,381,'LUZINÓPOLIS',17),(1712504,382,'MARIANÓPOLIS DO TOCANTINS',17),(1712702,383,'MATEIROS',17),(1712801,384,'MAURILÂNDIA DO TOCANTINS',17),(1713205,385,'MIRACEMA DO TOCANTINS',17),(1713304,386,'MIRANORTE',17),(1713601,387,'MONTE DO CARMO',17),(1713700,388,'MONTE SANTO DO TOCANTINS',17),(1713809,389,'PALMEIRAS DO TOCANTINS',17),(1713957,390,'MURICILÂNDIA',17),(1714203,391,'NATIVIDADE',17),(1714302,392,'NAZARÉ',17),(1714880,393,'NOVA OLINDA',17),(1715002,394,'NOVA ROSALÂNDIA',17),(1715101,395,'NOVO ACORDO',17),(1715150,396,'NOVO ALEGRE',17),(1715259,397,'NOVO JARDIM',17),(1715507,398,'OLIVEIRA DE FÁTIMA',17),(1715705,399,'PALMEIRANTE',17),(1715754,400,'PALMEIRÓPOLIS',17),(1716109,401,'PARAÍSO DO TOCANTINS',17),(1716208,402,'PARANÃ',17),(1716307,403,'PAU DARCO',17),(1716505,404,'PEDRO AFONSO',17),(1716604,405,'PEIXE',17),(1716653,406,'PEQUIZEIRO',17),(1716703,407,'COLMÉIA',17),(1717008,408,'PINDORAMA DO TOCANTINS',17),(1717206,409,'PIRAQUÊ',17),(1717503,410,'PIUM',17),(1717800,411,'PONTE ALTA DO BOM JESUS',17),(1717909,412,'PONTE ALTA DO TOCANTINS',17),(1718006,413,'PORTO ALEGRE DO TOCANTINS',17),(1718204,414,'PORTO NACIONAL',17),(1718303,415,'PRAIA NORTE',17),(1718402,416,'PRESIDENTE KENNEDY',17),(1718451,417,'PUGMIL',17),(1718501,418,'RECURSOLÂNDIA',17),(1718550,419,'RIACHINHO',17),(1718659,420,'RIO DA CONCEIÇÃO',17),(1718709,421,'RIO DOS BOIS',17),(1718758,422,'RIO SONO',17),(1718808,423,'SAMPAIO',17),(1718840,424,'SANDOLÂNDIA',17),(1718865,425,'SANTA FÉ DO ARAGUAIA',17),(1718881,426,'SANTA MARIA DO TOCANTINS',17),(1718899,427,'SANTA RITA DO TOCANTINS',17),(1718907,428,'SANTA ROSA DO TOCANTINS',17),(1719004,429,'SANTA TEREZA DO TOCANTINS',17),(1720002,430,'SANTA TEREZINHA DO TOCANTINS',17),(1720101,431,'SÃO BENTO DO TOCANTINS',17),(1720150,432,'SÃO FÉLIX DO TOCANTINS',17),(1720200,433,'SÃO MIGUEL DO TOCANTINS',17),(1720259,434,'SÃO SALVADOR DO TOCANTINS',17),(1720309,435,'SÃO SEBASTIÃO DO TOCANTINS',17),(1720499,436,'SÃO VALÉRIO',17),(1720655,437,'SILVANÓPOLIS',17),(1720804,438,'SÍTIO NOVO DO TOCANTINS',17),(1720853,439,'SUCUPIRA',17),(1720903,440,'TAGUATINGA',17),(1720937,441,'TAIPAS DO TOCANTINS',17),(1720978,442,'TALISMÃ',17),(1721000,443,'PALMAS',17),(1721109,444,'TOCANTÍNIA',17),(1721208,445,'TOCANTINÓPOLIS',17),(1721257,446,'TUPIRAMA',17),(1721307,447,'TUPIRATINS',17),(1722081,448,'WANDERLÂNDIA',17),(1722107,449,'XAMBIOÁ',17),(2100055,450,'AÇAILÂNDIA',21),(2100105,451,'AFONSO CUNHA',21),(2100154,452,'ÁGUA DOCE DO MARANHÃO',21),(2100204,453,'ALCÂNTARA',21),(2100303,454,'ALDEIAS ALTAS',21),(2100402,455,'ALTAMIRA DO MARANHÃO',21),(2100436,456,'ALTO ALEGRE DO MARANHÃO',21),(2100477,457,'ALTO ALEGRE DO PINDARÉ',21),(2100501,458,'ALTO PARNAÍBA',21),(2100550,459,'AMAPÁ DO MARANHÃO',21),(2100600,460,'AMARANTE DO MARANHÃO',21),(2100709,461,'ANAJATUBA',21),(2100808,462,'ANAPURUS',21),(2100832,463,'APICUM-AÇU',21),(2100873,464,'ARAGUANÃ',21),(2100907,465,'ARAIOSES',21),(2100956,466,'ARAME',21),(2101004,467,'ARARI',21),(2101103,468,'AXIXÁ',21),(2101202,469,'BACABAL',21),(2101251,470,'BACABEIRA',21),(2101301,471,'BACURI',21),(2101350,472,'BACURITUBA',21),(2101400,473,'BALSAS',21),(2101509,474,'BARÃO DE GRAJAÚ',21),(2101608,475,'BARRA DO CORDA',21),(2101707,476,'BARREIRINHAS',21),(2101731,477,'BELÁGUA',21),(2101772,478,'BELA VISTA DO MARANHÃO',21),(2101806,479,'BENEDITO LEITE',21),(2101905,480,'BEQUIMÃO',21),(2101939,481,'BERNARDO DO MEARIM',21),(2101970,482,'BOA VISTA DO GURUPI',21),(2102002,483,'BOM JARDIM',21),(2102036,484,'BOM JESUS DAS SELVAS',21),(2102077,485,'BOM LUGAR',21),(2102101,486,'BREJO',21),(2102150,487,'BREJO DE AREIA',21),(2102200,488,'BURITI',21),(2102309,489,'BURITI BRAVO',21),(2102325,490,'BURITICUPU',21),(2102358,491,'BURITIRANA',21),(2102374,492,'CACHOEIRA GRANDE',21),(2102408,493,'CAJAPIÓ',21),(2102507,494,'CAJARI',21),(2102556,495,'CAMPESTRE DO MARANHÃO',21),(2102606,496,'CÂNDIDO MENDES',21),(2102705,497,'CANTANHEDE',21),(2102754,498,'CAPINZAL DO NORTE',21),(2102804,499,'CAROLINA',21),(2102903,500,'CARUTAPERA',21),(2103000,501,'CAXIAS',21),(2103109,502,'CEDRAL',21),(2103125,503,'CENTRAL DO MARANHÃO',21),(2103158,504,'CENTRO DO GUILHERME',21),(2103174,505,'CENTRO NOVO DO MARANHÃO',21),(2103208,506,'CHAPADINHA',21),(2103257,507,'CIDELÂNDIA',21),(2103307,508,'CODÓ',21),(2103406,509,'COELHO NETO',21),(2103505,510,'COLINAS',21),(2103554,511,'CONCEIÇÃO DO LAGO-AÇU',21),(2103604,512,'COROATÁ',21),(2103703,513,'CURURUPU',21),(2103752,514,'DAVINÓPOLIS',21),(2103802,515,'DOM PEDRO',21),(2103901,516,'DUQUE BACELAR',21),(2104008,517,'ESPERANTINÓPOLIS',21),(2104057,518,'ESTREITO',21),(2104073,519,'FEIRA NOVA DO MARANHÃO',21),(2104081,520,'FERNANDO FALCÃO',21),(2104099,521,'FORMOSA DA SERRA NEGRA',21),(2104107,522,'FORTALEZA DOS NOGUEIRAS',21),(2104206,523,'FORTUNA',21),(2104305,524,'GODOFREDO VIANA',21),(2104404,525,'GONÇALVES DIAS',21),(2104503,526,'GOVERNADOR ARCHER',21),(2104552,527,'GOVERNADOR EDISON LOBÃO',21),(2104602,528,'GOVERNADOR EUGÊNIO BARROS',21),(2104628,529,'GOVERNADOR LUIZ ROCHA',21),(2104651,530,'GOVERNADOR NEWTON BELLO',21),(2104677,531,'GOVERNADOR NUNES FREIRE',21),(2104701,532,'GRAÇA ARANHA',21),(2104800,533,'GRAJAÚ',21),(2104909,534,'GUIMARÃES',21),(2105005,535,'HUMBERTO DE CAMPOS',21),(2105104,536,'ICATU',21),(2105153,537,'IGARAPÉ DO MEIO',21),(2105203,538,'IGARAPÉ GRANDE',21),(2105302,539,'IMPERATRIZ',21),(2105351,540,'ITAIPAVA DO GRAJAÚ',21),(2105401,541,'ITAPECURU MIRIM',21),(2105427,542,'ITINGA DO MARANHÃO',21),(2105450,543,'JATOBÁ',21),(2105476,544,'JENIPAPO DOS VIEIRAS',21),(2105500,545,'JOÃO LISBOA',21),(2105609,546,'JOSELÂNDIA',21),(2105658,547,'JUNCO DO MARANHÃO',21),(2105708,548,'LAGO DA PEDRA',21),(2105807,549,'LAGO DO JUNCO',21),(2105906,550,'LAGO VERDE',21),(2105922,551,'LAGOA DO MATO',21),(2105948,552,'LAGO DOS RODRIGUES',21),(2105963,553,'LAGOA GRANDE DO MARANHÃO',21),(2105989,554,'LAJEADO NOVO',21),(2106003,555,'LIMA CAMPOS',21),(2106102,556,'LORETO',21),(2106201,557,'LUÍS DOMINGUES',21),(2106300,558,'MAGALHÃES DE ALMEIDA',21),(2106326,559,'MARACAÇUMÉ',21),(2106359,560,'MARAJÁ DO SENA',21),(2106375,561,'MARANHÃOZINHO',21),(2106409,562,'MATA ROMA',21),(2106508,563,'MATINHA',21),(2106607,564,'MATÕES',21),(2106631,565,'MATÕES DO NORTE',21),(2106672,566,'MILAGRES DO MARANHÃO',21),(2106706,567,'MIRADOR',21),(2106755,568,'MIRANDA DO NORTE',21),(2106805,569,'MIRINZAL',21),(2106904,570,'MONÇÃO',21),(2107001,571,'MONTES ALTOS',21),(2107100,572,'MORROS',21),(2107209,573,'NINA RODRIGUES',21),(2107258,574,'NOVA COLINAS',21),(2107308,575,'NOVA IORQUE',21),(2107357,576,'NOVA OLINDA DO MARANHÃO',21),(2107407,577,'OLHO DÁGUA DAS CUNHÃS',21),(2107456,578,'OLINDA NOVA DO MARANHÃO',21),(2107506,579,'PAÇO DO LUMIAR',21),(2107605,580,'PALMEIRÂNDIA',21),(2107704,581,'PARAIBANO',21),(2107803,582,'PARNARAMA',21),(2107902,583,'PASSAGEM FRANCA',21),(2108009,584,'PASTOS BONS',21),(2108058,585,'PAULINO NEVES',21),(2108108,586,'PAULO RAMOS',21),(2108207,587,'PEDREIRAS',21),(2108256,588,'PEDRO DO ROSÁRIO',21),(2108306,589,'PENALVA',21),(2108405,590,'PERI MIRIM',21),(2108454,591,'PERITORÓ',21),(2108504,592,'PINDARÉ-MIRIM',21),(2108603,593,'PINHEIRO',21),(2108702,594,'PIO XII',21),(2108801,595,'PIRAPEMAS',21),(2108900,596,'POÇÃO DE PEDRAS',21),(2109007,597,'PORTO FRANCO',21),(2109056,598,'PORTO RICO DO MARANHÃO',21),(2109106,599,'PRESIDENTE DUTRA',21),(2109205,600,'PRESIDENTE JUSCELINO',21),(2109239,601,'PRESIDENTE MÉDICI',21),(2109270,602,'PRESIDENTE SARNEY',21),(2109304,603,'PRESIDENTE VARGAS',21),(2109403,604,'PRIMEIRA CRUZ',21),(2109452,605,'RAPOSA',21),(2109502,606,'RIACHÃO',21),(2109551,607,'RIBAMAR FIQUENE',21),(2109601,608,'ROSÁRIO',21),(2109700,609,'SAMBAÍBA',21),(2109759,610,'SANTA FILOMENA DO MARANHÃO',21),(2109809,611,'SANTA HELENA',21),(2109908,612,'SANTA INÊS',21),(2110005,613,'SANTA LUZIA',21),(2110039,614,'SANTA LUZIA DO PARUÁ',21),(2110104,615,'SANTA QUITÉRIA DO MARANHÃO',21),(2110203,616,'SANTA RITA',21),(2110237,617,'SANTANA DO MARANHÃO',21),(2110278,618,'SANTO AMARO DO MARANHÃO',21),(2110302,619,'SANTO ANTÔNIO DOS LOPES',21),(2110401,620,'SÃO BENEDITO DO RIO PRETO',21),(2110500,621,'SÃO BENTO',21),(2110609,622,'SÃO BERNARDO',21),(2110658,623,'SÃO DOMINGOS DO AZEITÃO',21),(2110708,624,'SÃO DOMINGOS DO MARANHÃO',21),(2110807,625,'SÃO FÉLIX DE BALSAS',21),(2110856,626,'SÃO FRANCISCO DO BREJÃO',21),(2110906,627,'SÃO FRANCISCO DO MARANHÃO',21),(2111003,628,'SÃO JOÃO BATISTA',21),(2111029,629,'SÃO JOÃO DO CARÚ',21),(2111052,630,'SÃO JOÃO DO PARAÍSO',21),(2111078,631,'SÃO JOÃO DO SOTER',21),(2111102,632,'SÃO JOÃO DOS PATOS',21),(2111201,633,'SÃO JOSÉ DE RIBAMAR',21),(2111250,634,'SÃO JOSÉ DOS BASÍLIOS',21),(2111300,635,'SÃO LUÍS',21),(2111409,636,'SÃO LUÍS GONZAGA DO MARANHÃO',21),(2111508,637,'SÃO MATEUS DO MARANHÃO',21),(2111532,638,'SÃO PEDRO DA ÁGUA BRANCA',21),(2111573,639,'SÃO PEDRO DOS CRENTES',21),(2111607,640,'SÃO RAIMUNDO DAS MANGABEIRAS',21),(2111631,641,'SÃO RAIMUNDO DO DOCA BEZERRA',21),(2111672,642,'SÃO ROBERTO',21),(2111706,643,'SÃO VICENTE FERRER',21),(2111722,644,'SATUBINHA',21),(2111748,645,'SENADOR ALEXANDRE COSTA',21),(2111763,646,'SENADOR LA ROCQUE',21),(2111789,647,'SERRANO DO MARANHÃO',21),(2111805,648,'SÍTIO NOVO',21),(2111904,649,'SUCUPIRA DO NORTE',21),(2111953,650,'SUCUPIRA DO RIACHÃO',21),(2112001,651,'TASSO FRAGOSO',21),(2112100,652,'TIMBIRAS',21),(2112209,653,'TIMON',21),(2112233,654,'TRIZIDELA DO VALE',21),(2112274,655,'TUFILÂNDIA',21),(2112308,656,'TUNTUM',21),(2112407,657,'TURIAÇU',21),(2112456,658,'TURILÂNDIA',21),(2112506,659,'TUTÓIA',21),(2112605,660,'URBANO SANTOS',21),(2112704,661,'VARGEM GRANDE',21),(2112803,662,'VIANA',21),(2112852,663,'VILA NOVA DOS MARTÍRIOS',21),(2112902,664,'VITÓRIA DO MEARIM',21),(2113009,665,'VITORINO FREIRE',21),(2114007,666,'ZÉ DOCA',21),(2200053,667,'ACAUÃ',22),(2200103,668,'AGRICOLÂNDIA',22),(2200202,669,'ÁGUA BRANCA',22),(2200251,670,'ALAGOINHA DO PIAUÍ',22),(2200277,671,'ALEGRETE DO PIAUÍ',22),(2200301,672,'ALTO LONGÁ',22),(2200400,673,'ALTOS',22),(2200459,674,'ALVORADA DO GURGUÉIA',22),(2200509,675,'AMARANTE',22),(2200608,676,'ANGICAL DO PIAUÍ',22),(2200707,677,'ANÍSIO DE ABREU',22),(2200806,678,'ANTÔNIO ALMEIDA',22),(2200905,679,'AROAZES',22),(2200954,680,'AROEIRAS DO ITAIM',22),(2201002,681,'ARRAIAL',22),(2201051,682,'ASSUNÇÃO DO PIAUÍ',22),(2201101,683,'AVELINO LOPES',22),(2201150,684,'BAIXA GRANDE DO RIBEIRO',22),(2201176,685,'BARRA DALCÂNTARA',22),(2201200,686,'BARRAS',22),(2201309,687,'BARREIRAS DO PIAUÍ',22),(2201408,688,'BARRO DURO',22),(2201507,689,'BATALHA',22),(2201556,690,'BELA VISTA DO PIAUÍ',22),(2201572,691,'BELÉM DO PIAUÍ',22),(2201606,692,'BENEDITINOS',22),(2201705,693,'BERTOLÍNIA',22),(2201739,694,'BETÂNIA DO PIAUÍ',22),(2201770,695,'BOA HORA',22),(2201804,696,'BOCAINA',22),(2201903,697,'BOM JESUS',22),(2201919,698,'BOM PRINCÍPIO DO PIAUÍ',22),(2201929,699,'BONFIM DO PIAUÍ',22),(2201945,700,'BOQUEIRÃO DO PIAUÍ',22),(2201960,701,'BRASILEIRA',22),(2201988,702,'BREJO DO PIAUÍ',22),(2202000,703,'BURITI DOS LOPES',22),(2202026,704,'BURITI DOS MONTES',22),(2202059,705,'CABECEIRAS DO PIAUÍ',22),(2202075,706,'CAJAZEIRAS DO PIAUÍ',22),(2202083,707,'CAJUEIRO DA PRAIA',22),(2202091,708,'CALDEIRÃO GRANDE DO PIAUÍ',22),(2202109,709,'CAMPINAS DO PIAUÍ',22),(2202117,710,'CAMPO ALEGRE DO FIDALGO',22),(2202133,711,'CAMPO GRANDE DO PIAUÍ',22),(2202174,712,'CAMPO LARGO DO PIAUÍ',22),(2202208,713,'CAMPO MAIOR',22),(2202251,714,'CANAVIEIRA',22),(2202307,715,'CANTO DO BURITI',22),(2202406,716,'CAPITÃO DE CAMPOS',22),(2202455,717,'CAPITÃO GERVÁSIO OLIVEIRA',22),(2202505,718,'CARACOL',22),(2202539,719,'CARAÚBAS DO PIAUÍ',22),(2202554,720,'CARIDADE DO PIAUÍ',22),(2202604,721,'CASTELO DO PIAUÍ',22),(2202653,722,'CAXINGÓ',22),(2202703,723,'COCAL',22),(2202711,724,'COCAL DE TELHA',22),(2202729,725,'COCAL DOS ALVES',22),(2202737,726,'COIVARAS',22),(2202752,727,'COLÔNIA DO GURGUÉIA',22),(2202778,728,'COLÔNIA DO PIAUÍ',22),(2202802,729,'CONCEIÇÃO DO CANINDÉ',22),(2202851,730,'CORONEL JOSÉ DIAS',22),(2202901,731,'CORRENTE',22),(2203008,732,'CRISTALÂNDIA DO PIAUÍ',22),(2203107,733,'CRISTINO CASTRO',22),(2203206,734,'CURIMATÁ',22),(2203230,735,'CURRAIS',22),(2203255,736,'CURRALINHOS',22),(2203271,737,'CURRAL NOVO DO PIAUÍ',22),(2203305,738,'DEMERVAL LOBÃO',22),(2203354,739,'DIRCEU ARCOVERDE',22),(2203404,740,'DOM EXPEDITO LOPES',22),(2203420,741,'DOMINGOS MOURÃO',22),(2203453,742,'DOM INOCÊNCIO',22),(2203503,743,'ELESBÃO VELOSO',22),(2203602,744,'ELISEU MARTINS',22),(2203701,745,'ESPERANTINA',22),(2203750,746,'FARTURA DO PIAUÍ',22),(2203800,747,'FLORES DO PIAUÍ',22),(2203859,748,'FLORESTA DO PIAUÍ',22),(2203909,749,'FLORIANO',22),(2204006,750,'FRANCINÓPOLIS',22),(2204105,751,'FRANCISCO AYRES',22),(2204154,752,'FRANCISCO MACEDO',22),(2204204,753,'FRANCISCO SANTOS',22),(2204303,754,'FRONTEIRAS',22),(2204352,755,'GEMINIANO',22),(2204402,756,'GILBUÉS',22),(2204501,757,'GUADALUPE',22),(2204550,758,'GUARIBAS',22),(2204600,759,'HUGO NAPOLEÃO',22),(2204659,760,'ILHA GRANDE',22),(2204709,761,'INHUMA',22),(2204808,762,'IPIRANGA DO PIAUÍ',22),(2204907,763,'ISAÍAS COELHO',22),(2205003,764,'ITAINÓPOLIS',22),(2205102,765,'ITAUEIRA',22),(2205151,766,'JACOBINA DO PIAUÍ',22),(2205201,767,'JAICÓS',22),(2205250,768,'JARDIM DO MULATO',22),(2205276,769,'JATOBÁ DO PIAUÍ',22),(2205300,770,'JERUMENHA',22),(2205359,771,'JOÃO COSTA',22),(2205409,772,'JOAQUIM PIRES',22),(2205458,773,'JOCA MARQUES',22),(2205508,774,'JOSÉ DE FREITAS',22),(2205516,775,'JUAZEIRO DO PIAUÍ',22),(2205524,776,'JÚLIO BORGES',22),(2205532,777,'JUREMA',22),(2205540,778,'LAGOINHA DO PIAUÍ',22),(2205557,779,'LAGOA ALEGRE',22),(2205565,780,'LAGOA DO BARRO DO PIAUÍ',22),(2205573,781,'LAGOA DE SÃO FRANCISCO',22),(2205581,782,'LAGOA DO PIAUÍ',22),(2205599,783,'LAGOA DO SÍTIO',22),(2205607,784,'LANDRI SALES',22),(2205706,785,'LUÍS CORREIA',22),(2205805,786,'LUZILÂNDIA',22),(2205854,787,'MADEIRO',22),(2205904,788,'MANOEL EMÍDIO',22),(2205953,789,'MARCOLÂNDIA',22),(2206001,790,'MARCOS PARENTE',22),(2206050,791,'MASSAPÊ DO PIAUÍ',22),(2206100,792,'MATIAS OLÍMPIO',22),(2206209,793,'MIGUEL ALVES',22),(2206308,794,'MIGUEL LEÃO',22),(2206357,795,'MILTON BRANDÃO',22),(2206407,796,'MONSENHOR GIL',22),(2206506,797,'MONSENHOR HIPÓLITO',22),(2206605,798,'MONTE ALEGRE DO PIAUÍ',22),(2206654,799,'MORRO CABEÇA NO TEMPO',22),(2206670,800,'MORRO DO CHAPÉU DO PIAUÍ',22),(2206696,801,'MURICI DOS PORTELAS',22),(2206704,802,'NAZARÉ DO PIAUÍ',22),(2206720,803,'NAZÁRIA',22),(2206753,804,'NOSSA SENHORA DE NAZARÉ',22),(2206803,805,'NOSSA SENHORA DOS REMÉDIOS',22),(2206902,806,'NOVO ORIENTE DO PIAUÍ',22),(2206951,807,'NOVO SANTO ANTÔNIO',22),(2207009,808,'OEIRAS',22),(2207108,809,'OLHO DÁGUA DO PIAUÍ',22),(2207207,810,'PADRE MARCOS',22),(2207306,811,'PAES LANDIM',22),(2207355,812,'PAJEÚ DO PIAUÍ',22),(2207405,813,'PALMEIRA DO PIAUÍ',22),(2207504,814,'PALMEIRAIS',22),(2207553,815,'PAQUETÁ',22),(2207603,816,'PARNAGUÁ',22),(2207702,817,'PARNAÍBA',22),(2207751,818,'PASSAGEM FRANCA DO PIAUÍ',22),(2207777,819,'PATOS DO PIAUÍ',22),(2207793,820,'PAU DARCO DO PIAUÍ',22),(2207801,821,'PAULISTANA',22),(2207850,822,'PAVUSSU',22),(2207900,823,'PEDRO II',22),(2207934,824,'PEDRO LAURENTINO',22),(2207959,825,'NOVA SANTA RITA',22),(2208007,826,'PICOS',22),(2208106,827,'PIMENTEIRAS',22),(2208205,828,'PIO IX',22),(2208304,829,'PIRACURUCA',22),(2208403,830,'PIRIPIRI',22),(2208502,831,'PORTO',22),(2208551,832,'PORTO ALEGRE DO PIAUÍ',22),(2208601,833,'PRATA DO PIAUÍ',22),(2208650,834,'QUEIMADA NOVA',22),(2208700,835,'REDENÇÃO DO GURGUÉIA',22),(2208809,836,'REGENERAÇÃO',22),(2208858,837,'RIACHO FRIO',22),(2208874,838,'RIBEIRA DO PIAUÍ',22),(2208908,839,'RIBEIRO GONÇALVES',22),(2209005,840,'RIO GRANDE DO PIAUÍ',22),(2209104,841,'SANTA CRUZ DO PIAUÍ',22),(2209153,842,'SANTA CRUZ DOS MILAGRES',22),(2209203,843,'SANTA FILOMENA',22),(2209302,844,'SANTA LUZ',22),(2209351,845,'SANTANA DO PIAUÍ',22),(2209377,846,'SANTA ROSA DO PIAUÍ',22),(2209401,847,'SANTO ANTÔNIO DE LISBOA',22),(2209450,848,'SANTO ANTÔNIO DOS MILAGRES',22),(2209500,849,'SANTO INÁCIO DO PIAUÍ',22),(2209559,850,'SÃO BRAZ DO PIAUÍ',22),(2209609,851,'SÃO FÉLIX DO PIAUÍ',22),(2209658,852,'SÃO FRANCISCO DE ASSIS DO PIAUÍ',22),(2209708,853,'SÃO FRANCISCO DO PIAUÍ',22),(2209757,854,'SÃO GONÇALO DO GURGUÉIA',22),(2209807,855,'SÃO GONÇALO DO PIAUÍ',22),(2209856,856,'SÃO JOÃO DA CANABRAVA',22),(2209872,857,'SÃO JOÃO DA FRONTEIRA',22),(2209906,858,'SÃO JOÃO DA SERRA',22),(2209955,859,'SÃO JOÃO DA VARJOTA',22),(2209971,860,'SÃO JOÃO DO ARRAIAL',22),(2210003,861,'SÃO JOÃO DO PIAUÍ',22),(2210052,862,'SÃO JOSÉ DO DIVINO',22),(2210102,863,'SÃO JOSÉ DO PEIXE',22),(2210201,864,'SÃO JOSÉ DO PIAUÍ',22),(2210300,865,'SÃO JULIÃO',22),(2210359,866,'SÃO LOURENÇO DO PIAUÍ',22),(2210375,867,'SÃO LUIS DO PIAUÍ',22),(2210383,868,'SÃO MIGUEL DA BAIXA GRANDE',22),(2210391,869,'SÃO MIGUEL DO FIDALGO',22),(2210409,870,'SÃO MIGUEL DO TAPUIO',22),(2210508,871,'SÃO PEDRO DO PIAUÍ',22),(2210607,872,'SÃO RAIMUNDO NONATO',22),(2210623,873,'SEBASTIÃO BARROS',22),(2210631,874,'SEBASTIÃO LEAL',22),(2210656,875,'SIGEFREDO PACHECO',22),(2210706,876,'SIMÕES',22),(2210805,877,'SIMPLÍCIO MENDES',22),(2210904,878,'SOCORRO DO PIAUÍ',22),(2210938,879,'SUSSUAPARA',22),(2210953,880,'TAMBORIL DO PIAUÍ',22),(2210979,881,'TANQUE DO PIAUÍ',22),(2211001,882,'TERESINA',22),(2211100,883,'UNIÃO',22),(2211209,884,'URUÇUÍ',22),(2211308,885,'VALENÇA DO PIAUÍ',22),(2211357,886,'VÁRZEA BRANCA',22),(2211407,887,'VÁRZEA GRANDE',22),(2211506,888,'VERA MENDES',22),(2211605,889,'VILA NOVA DO PIAUÍ',22),(2211704,890,'WALL FERRAZ',22),(2300101,891,'ABAIARA',23),(2300150,892,'ACARAPE',23),(2300200,893,'ACARAÚ',23),(2300309,894,'ACOPIARA',23),(2300408,895,'AIUABA',23),(2300507,896,'ALCÂNTARAS',23),(2300606,897,'ALTANEIRA',23),(2300705,898,'ALTO SANTO',23),(2300754,899,'AMONTADA',23),(2300804,900,'ANTONINA DO NORTE',23),(2300903,901,'APUIARÉS',23),(2301000,902,'AQUIRAZ',23),(2301109,903,'ARACATI',23),(2301208,904,'ARACOIABA',23),(2301257,905,'ARARENDÁ',23),(2301307,906,'ARARIPE',23),(2301406,907,'ARATUBA',23),(2301505,908,'ARNEIROZ',23),(2301604,909,'ASSARÉ',23),(2301703,910,'AURORA',23),(2301802,911,'BAIXIO',23),(2301851,912,'BANABUIÚ',23),(2301901,913,'BARBALHA',23),(2301950,914,'BARREIRA',23),(2302008,915,'BARRO',23),(2302057,916,'BARROQUINHA',23),(2302107,917,'BATURITÉ',23),(2302206,918,'BEBERIBE',23),(2302305,919,'BELA CRUZ',23),(2302404,920,'BOA VIAGEM',23),(2302503,921,'BREJO SANTO',23),(2302602,922,'CAMOCIM',23),(2302701,923,'CAMPOS SALES',23),(2302800,924,'CANINDÉ',23),(2302909,925,'CAPISTRANO',23),(2303006,926,'CARIDADE',23),(2303105,927,'CARIRÉ',23),(2303204,928,'CARIRIAÇU',23),(2303303,929,'CARIÚS',23),(2303402,930,'CARNAUBAL',23),(2303501,931,'CASCAVEL',23),(2303600,932,'CATARINA',23),(2303659,933,'CATUNDA',23),(2303709,934,'CAUCAIA',23),(2303808,935,'CEDRO',23),(2303907,936,'CHAVAL',23),(2303931,937,'CHORÓ',23),(2303956,938,'CHOROZINHO',23),(2304004,939,'COREAÚ',23),(2304103,940,'CRATEÚS',23),(2304202,941,'CRATO',23),(2304236,942,'CROATÁ',23),(2304251,943,'CRUZ',23),(2304269,944,'DEPUTADO IRAPUAN PINHEIRO',23),(2304277,945,'ERERÊ',23),(2304285,946,'EUSÉBIO',23),(2304301,947,'FARIAS BRITO',23),(2304350,948,'FORQUILHA',23),(2304400,949,'FORTALEZA',23),(2304459,950,'FORTIM',23),(2304509,951,'FRECHEIRINHA',23),(2304608,952,'GENERAL SAMPAIO',23),(2304657,953,'GRAÇA',23),(2304707,954,'GRANJA',23),(2304806,955,'GRANJEIRO',23),(2304905,956,'GROAÍRAS',23),(2304954,957,'GUAIÚBA',23),(2305001,958,'GUARACIABA DO NORTE',23),(2305100,959,'GUARAMIRANGA',23),(2305209,960,'HIDROLÂNDIA',23),(2305233,961,'HORIZONTE',23),(2305266,962,'IBARETAMA',23),(2305308,963,'IBIAPINA',23),(2305332,964,'IBICUITINGA',23),(2305357,965,'ICAPUÍ',23),(2305407,966,'ICÓ',23),(2305506,967,'IGUATU',23),(2305605,968,'INDEPENDÊNCIA',23),(2305654,969,'IPAPORANGA',23),(2305704,970,'IPAUMIRIM',23),(2305803,971,'IPU',23),(2305902,972,'IPUEIRAS',23),(2306009,973,'IRACEMA',23),(2306108,974,'IRAUÇUBA',23),(2306207,975,'ITAIÇABA',23),(2306256,976,'ITAITINGA',23),(2306306,977,'ITAPAGÉ',23),(2306405,978,'ITAPIPOCA',23),(2306504,979,'ITAPIÚNA',23),(2306553,980,'ITAREMA',23),(2306603,981,'ITATIRA',23),(2306702,982,'JAGUARETAMA',23),(2306801,983,'JAGUARIBARA',23),(2306900,984,'JAGUARIBE',23),(2307007,985,'JAGUARUANA',23),(2307106,986,'JARDIM',23),(2307205,987,'JATI',23),(2307254,988,'JIJOCA DE JERICOACOARA',23),(2307304,989,'JUAZEIRO DO NORTE',23),(2307403,990,'JUCÁS',23),(2307502,991,'LAVRAS DA MANGABEIRA',23),(2307601,992,'LIMOEIRO DO NORTE',23),(2307635,993,'MADALENA',23),(2307650,994,'MARACANAÚ',23),(2307700,995,'MARANGUAPE',23),(2307809,996,'MARCO',23),(2307908,997,'MARTINÓPOLE',23),(2308005,998,'MASSAPÊ',23),(2308104,999,'MAURITI',23),(2308203,1000,'MERUOCA',23),(2308302,1001,'MILAGRES',23),(2308351,1002,'MILHÃ',23),(2308377,1003,'MIRAÍMA',23),(2308401,1004,'MISSÃO VELHA',23),(2308500,1005,'MOMBAÇA',23),(2308609,1006,'MONSENHOR TABOSA',23),(2308708,1007,'MORADA NOVA',23),(2308807,1008,'MORAÚJO',23),(2308906,1009,'MORRINHOS',23),(2309003,1010,'MUCAMBO',23),(2309102,1011,'MULUNGU',23),(2309201,1012,'NOVA OLINDA',23),(2309300,1013,'NOVA RUSSAS',23),(2309409,1014,'NOVO ORIENTE',23),(2309458,1015,'OCARA',23),(2309508,1016,'ORÓS',23),(2309607,1017,'PACAJUS',23),(2309706,1018,'PACATUBA',23),(2309805,1019,'PACOTI',23),(2309904,1020,'PACUJÁ',23),(2310001,1021,'PALHANO',23),(2310100,1022,'PALMÁCIA',23),(2310209,1023,'PARACURU',23),(2310258,1024,'PARAIPABA',23),(2310308,1025,'PARAMBU',23),(2310407,1026,'PARAMOTI',23),(2310506,1027,'PEDRA BRANCA',23),(2310605,1028,'PENAFORTE',23),(2310704,1029,'PENTECOSTE',23),(2310803,1030,'PEREIRO',23),(2310852,1031,'PINDORETAMA',23),(2310902,1032,'PIQUET CARNEIRO',23),(2310951,1033,'PIRES FERREIRA',23),(2311009,1034,'PORANGA',23),(2311108,1035,'PORTEIRAS',23),(2311207,1036,'POTENGI',23),(2311231,1037,'POTIRETAMA',23),(2311264,1038,'QUITERIANÓPOLIS',23),(2311306,1039,'QUIXADÁ',23),(2311355,1040,'QUIXELÔ',23),(2311405,1041,'QUIXERAMOBIM',23),(2311504,1042,'QUIXERÉ',23),(2311603,1043,'REDENÇÃO',23),(2311702,1044,'RERIUTABA',23),(2311801,1045,'RUSSAS',23),(2311900,1046,'SABOEIRO',23),(2311959,1047,'SALITRE',23),(2312007,1048,'SANTANA DO ACARAÚ',23),(2312106,1049,'SANTANA DO CARIRI',23),(2312205,1050,'SANTA QUITÉRIA',23),(2312304,1051,'SÃO BENEDITO',23),(2312403,1052,'SÃO GONÇALO DO AMARANTE',23),(2312502,1053,'SÃO JOÃO DO JAGUARIBE',23),(2312601,1054,'SÃO LUÍS DO CURU',23),(2312700,1055,'SENADOR POMPEU',23),(2312809,1056,'SENADOR SÁ',23),(2312908,1057,'SOBRAL',23),(2313005,1058,'SOLONÓPOLE',23),(2313104,1059,'TABULEIRO DO NORTE',23),(2313203,1060,'TAMBORIL',23),(2313252,1061,'TARRAFAS',23),(2313302,1062,'TAUÁ',23),(2313351,1063,'TEJUÇUOCA',23),(2313401,1064,'TIANGUÁ',23),(2313500,1065,'TRAIRI',23),(2313559,1066,'TURURU',23),(2313609,1067,'UBAJARA',23),(2313708,1068,'UMARI',23),(2313757,1069,'UMIRIM',23),(2313807,1070,'URUBURETAMA',23),(2313906,1071,'URUOCA',23),(2313955,1072,'VARJOTA',23),(2314003,1073,'VÁRZEA ALEGRE',23),(2314102,1074,'VIÇOSA DO CEARÁ',23),(2400109,1075,'ACARI',24),(2400208,1076,'AÇU',24),(2400307,1077,'AFONSO BEZERRA',24),(2400406,1078,'ÁGUA NOVA',24),(2400505,1079,'ALEXANDRIA',24),(2400604,1080,'ALMINO AFONSO',24),(2400703,1081,'ALTO DO RODRIGUES',24),(2400802,1082,'ANGICOS',24),(2400901,1083,'ANTÔNIO MARTINS',24),(2401008,1084,'APODI',24),(2401107,1085,'AREIA BRANCA',24),(2401206,1086,'ARÊS',24),(2401305,1087,'AUGUSTO SEVERO',24),(2401404,1088,'BAÍA FORMOSA',24),(2401453,1089,'BARAÚNA',24),(2401503,1090,'BARCELONA',24),(2401602,1091,'BENTO FERNANDES',24),(2401651,1092,'BODÓ',24),(2401701,1093,'BOM JESUS',24),(2401800,1094,'BREJINHO',24),(2401859,1095,'CAIÇARA DO NORTE',24),(2401909,1096,'CAIÇARA DO RIO DO VENTO',24),(2402006,1097,'CAICÓ',24),(2402105,1098,'CAMPO REDONDO',24),(2402204,1099,'CANGUARETAMA',24),(2402303,1100,'CARAÚBAS',24),(2402402,1101,'CARNAÚBA DOS DANTAS',24),(2402501,1102,'CARNAUBAIS',24),(2402600,1103,'CEARÁ-MIRIM',24),(2402709,1104,'CERRO CORÁ',24),(2402808,1105,'CORONEL EZEQUIEL',24),(2402907,1106,'CORONEL JOÃO PESSOA',24),(2403004,1107,'CRUZETA',24),(2403103,1108,'CURRAIS NOVOS',24),(2403202,1109,'DOUTOR SEVERIANO',24),(2403251,1110,'PARNAMIRIM',24),(2403301,1111,'ENCANTO',24),(2403400,1112,'EQUADOR',24),(2403509,1113,'ESPÍRITO SANTO',24),(2403608,1114,'EXTREMOZ',24),(2403707,1115,'FELIPE GUERRA',24),(2403756,1116,'FERNANDO PEDROZA',24),(2403806,1117,'FLORÂNIA',24),(2403905,1118,'FRANCISCO DANTAS',24),(2404002,1119,'FRUTUOSO GOMES',24),(2404101,1120,'GALINHOS',24),(2404200,1121,'GOIANINHA',24),(2404309,1122,'GOVERNADOR DIX-SEPT ROSADO',24),(2404408,1123,'GROSSOS',24),(2404507,1124,'GUAMARÉ',24),(2404606,1125,'IELMO MARINHO',24),(2404705,1126,'IPANGUAÇU',24),(2404804,1127,'IPUEIRA',24),(2404853,1128,'ITAJÁ',24),(2404903,1129,'ITAÚ',24),(2405009,1130,'JAÇANÃ',24),(2405108,1131,'JANDAÍRA',24),(2405207,1132,'JANDUÍS',24),(2405306,1133,'JANUÁRIO CICCO',24),(2405405,1134,'JAPI',24),(2405504,1135,'JARDIM DE ANGICOS',24),(2405603,1136,'JARDIM DE PIRANHAS',24),(2405702,1137,'JARDIM DO SERIDÓ',24),(2405801,1138,'JOÃO CÂMARA',24),(2405900,1139,'JOÃO DIAS',24),(2406007,1140,'JOSÉ DA PENHA',24),(2406106,1141,'JUCURUTU',24),(2406155,1142,'JUNDIÁ',24),(2406205,1143,'LAGOA DANTA',24),(2406304,1144,'LAGOA DE PEDRAS',24),(2406403,1145,'LAGOA DE VELHOS',24),(2406502,1146,'LAGOA NOVA',24),(2406601,1147,'LAGOA SALGADA',24),(2406700,1148,'LAJES',24),(2406809,1149,'LAJES PINTADAS',24),(2406908,1150,'LUCRÉCIA',24),(2407005,1151,'LUÍS GOMES',24),(2407104,1152,'MACAÍBA',24),(2407203,1153,'MACAU',24),(2407252,1154,'MAJOR SALES',24),(2407302,1155,'MARCELINO VIEIRA',24),(2407401,1156,'MARTINS',24),(2407500,1157,'MAXARANGUAPE',24),(2407609,1158,'MESSIAS TARGINO',24),(2407708,1159,'MONTANHAS',24),(2407807,1160,'MONTE ALEGRE',24),(2407906,1161,'MONTE DAS GAMELEIRAS',24),(2408003,1162,'MOSSORÓ',24),(2408102,1163,'NATAL',24),(2408201,1164,'NÍSIA FLORESTA',24),(2408300,1165,'NOVA CRUZ',24),(2408409,1166,'OLHO-DÁGUA DO BORGES',24),(2408508,1167,'OURO BRANCO',24),(2408607,1168,'PARANÁ',24),(2408706,1169,'PARAÚ',24),(2408805,1170,'PARAZINHO',24),(2408904,1171,'PARELHAS',24),(2408953,1172,'RIO DO FOGO',24),(2409100,1173,'PASSA E FICA',24),(2409209,1174,'PASSAGEM',24),(2409308,1175,'PATU',24),(2409332,1176,'SANTA MARIA',24),(2409407,1177,'PAU DOS FERROS',24),(2409506,1178,'PEDRA GRANDE',24),(2409605,1179,'PEDRA PRETA',24),(2409704,1180,'PEDRO AVELINO',24),(2409803,1181,'PEDRO VELHO',24),(2409902,1182,'PENDÊNCIAS',24),(2410009,1183,'PILÕES',24),(2410108,1184,'POÇO BRANCO',24),(2410207,1185,'PORTALEGRE',24),(2410256,1186,'PORTO DO MANGUE',24),(2410306,1187,'PRESIDENTE JUSCELINO',24),(2410405,1188,'PUREZA',24),(2410504,1189,'RAFAEL FERNANDES',24),(2410603,1190,'RAFAEL GODEIRO',24),(2410702,1191,'RIACHO DA CRUZ',24),(2410801,1192,'RIACHO DE SANTANA',24),(2410900,1193,'RIACHUELO',24),(2411007,1194,'RODOLFO FERNANDES',24),(2411056,1195,'TIBAU',24),(2411106,1196,'RUY BARBOSA',24),(2411205,1197,'SANTA CRUZ',24),(2411403,1198,'SANTANA DO MATOS',24),(2411429,1199,'SANTANA DO SERIDÓ',24),(2411502,1200,'SANTO ANTÔNIO',24),(2411601,1201,'SÃO BENTO DO NORTE',24),(2411700,1202,'SÃO BENTO DO TRAIRÍ',24),(2411809,1203,'SÃO FERNANDO',24),(2411908,1204,'SÃO FRANCISCO DO OESTE',24),(2412005,1205,'SÃO GONÇALO DO AMARANTE',24),(2412104,1206,'SÃO JOÃO DO SABUGI',24),(2412203,1207,'SÃO JOSÉ DE MIPIBU',24),(2412302,1208,'SÃO JOSÉ DO CAMPESTRE',24),(2412401,1209,'SÃO JOSÉ DO SERIDÓ',24),(2412500,1210,'SÃO MIGUEL',24),(2412559,1211,'SÃO MIGUEL DO GOSTOSO',24),(2412609,1212,'SÃO PAULO DO POTENGI',24),(2412708,1213,'SÃO PEDRO',24),(2412807,1214,'SÃO RAFAEL',24),(2412906,1215,'SÃO TOMÉ',24),(2413003,1216,'SÃO VICENTE',24),(2413102,1217,'SENADOR ELÓI DE SOUZA',24),(2413201,1218,'SENADOR GEORGINO AVELINO',24),(2413300,1219,'SERRA DE SÃO BENTO',24),(2413359,1220,'SERRA DO MEL',24),(2413409,1221,'SERRA NEGRA DO NORTE',24),(2413508,1222,'SERRINHA',24),(2413557,1223,'SERRINHA DOS PINTOS',24),(2413607,1224,'SEVERIANO MELO',24),(2413706,1225,'SÍTIO NOVO',24),(2413805,1226,'TABOLEIRO GRANDE',24),(2413904,1227,'TAIPU',24),(2414001,1228,'TANGARÁ',24),(2414100,1229,'TENENTE ANANIAS',24),(2414159,1230,'TENENTE LAURENTINO CRUZ',24),(2414209,1231,'TIBAU DO SUL',24),(2414308,1232,'TIMBAÚBA DOS BATISTAS',24),(2414407,1233,'TOUROS',24),(2414456,1234,'TRIUNFO POTIGUAR',24),(2414506,1235,'UMARIZAL',24),(2414605,1236,'UPANEMA',24),(2414704,1237,'VÁRZEA',24),(2414753,1238,'VENHA-VER',24),(2414803,1239,'VERA CRUZ',24),(2414902,1240,'VIÇOSA',24),(2415008,1241,'VILA FLOR',24),(2500106,1242,'ÁGUA BRANCA',25),(2500205,1243,'AGUIAR',25),(2500304,1244,'ALAGOA GRANDE',25),(2500403,1245,'ALAGOA NOVA',25),(2500502,1246,'ALAGOINHA',25),(2500536,1247,'ALCANTIL',25),(2500577,1248,'ALGODÃO DE JANDAÍRA',25),(2500601,1249,'ALHANDRA',25),(2500700,1250,'SÃO JOÃO DO RIO DO PEIXE',25),(2500734,1251,'AMPARO',25),(2500775,1252,'APARECIDA',25),(2500809,1253,'ARAÇAGI',25),(2500908,1254,'ARARA',25),(2501005,1255,'ARARUNA',25),(2501104,1256,'AREIA',25),(2501153,1257,'AREIA DE BARAÚNAS',25),(2501203,1258,'AREIAL',25),(2501302,1259,'AROEIRAS',25),(2501351,1260,'ASSUNÇÃO',25),(2501401,1261,'BAÍA DA TRAIÇÃO',25),(2501500,1262,'BANANEIRAS',25),(2501534,1263,'BARAÚNA',25),(2501575,1264,'BARRA DE SANTANA',25),(2501609,1265,'BARRA DE SANTA ROSA',25),(2501708,1266,'BARRA DE SÃO MIGUEL',25),(2501807,1267,'BAYEUX',25),(2501906,1268,'BELÉM',25),(2502003,1269,'BELÉM DO BREJO DO CRUZ',25),(2502052,1270,'BERNARDINO BATISTA',25),(2502102,1271,'BOA VENTURA',25),(2502151,1272,'BOA VISTA',25),(2502201,1273,'BOM JESUS',25),(2502300,1274,'BOM SUCESSO',25),(2502409,1275,'BONITO DE SANTA FÉ',25),(2502508,1276,'BOQUEIRÃO',25),(2502607,1277,'IGARACY',25),(2502706,1278,'BORBOREMA',25),(2502805,1279,'BREJO DO CRUZ',25),(2502904,1280,'BREJO DOS SANTOS',25),(2503001,1281,'CAAPORÃ',25),(2503100,1282,'CABACEIRAS',25),(2503209,1283,'CABEDELO',25),(2503308,1284,'CACHOEIRA DOS ÍNDIOS',25),(2503407,1285,'CACIMBA DE AREIA',25),(2503506,1286,'CACIMBA DE DENTRO',25),(2503555,1287,'CACIMBAS',25),(2503605,1288,'CAIÇARA',25),(2503704,1289,'CAJAZEIRAS',25),(2503753,1290,'CAJAZEIRINHAS',25),(2503803,1291,'CALDAS BRANDÃO',25),(2503902,1292,'CAMALAÚ',25),(2504009,1293,'CAMPINA GRANDE',25),(2504033,1294,'CAPIM',25),(2504074,1295,'CARAÚBAS',25),(2504108,1296,'CARRAPATEIRA',25),(2504157,1297,'CASSERENGUE',25),(2504207,1298,'CATINGUEIRA',25),(2504306,1299,'CATOLÉ DO ROCHA',25),(2504355,1300,'CATURITÉ',25),(2504405,1301,'CONCEIÇÃO',25),(2504504,1302,'CONDADO',25),(2504603,1303,'CONDE',25),(2504702,1304,'CONGO',25),(2504801,1305,'COREMAS',25),(2504850,1306,'COXIXOLA',25),(2504900,1307,'CRUZ DO ESPÍRITO SANTO',25),(2505006,1308,'CUBATI',25),(2505105,1309,'CUITÉ',25),(2505204,1310,'CUITEGI',25),(2505238,1311,'CUITÉ DE MAMANGUAPE',25),(2505279,1312,'CURRAL DE CIMA',25),(2505303,1313,'CURRAL VELHO',25),(2505352,1314,'DAMIÃO',25),(2505402,1315,'DESTERRO',25),(2505501,1316,'VISTA SERRANA',25),(2505600,1317,'DIAMANTE',25),(2505709,1318,'DONA INÊS',25),(2505808,1319,'DUAS ESTRADAS',25),(2505907,1320,'EMAS',25),(2506004,1321,'ESPERANÇA',25),(2506103,1322,'FAGUNDES',25),(2506202,1323,'FREI MARTINHO',25),(2506251,1324,'GADO BRAVO',25),(2506301,1325,'GUARABIRA',25),(2506400,1326,'GURINHÉM',25),(2506509,1327,'GURJÃO',25),(2506608,1328,'IBIARA',25),(2506707,1329,'IMACULADA',25),(2506806,1330,'INGÁ',25),(2506905,1331,'ITABAIANA',25),(2507002,1332,'ITAPORANGA',25),(2507101,1333,'ITAPOROROCA',25),(2507200,1334,'ITATUBA',25),(2507309,1335,'JACARAÚ',25),(2507408,1336,'JERICÓ',25),(2507507,1337,'JOÃO PESSOA',25),(2507606,1338,'JUAREZ TÁVORA',25),(2507705,1339,'JUAZEIRINHO',25),(2507804,1340,'JUNCO DO SERIDÓ',25),(2507903,1341,'JURIPIRANGA',25),(2508000,1342,'JURU',25),(2508109,1343,'LAGOA',25),(2508208,1344,'LAGOA DE DENTRO',25),(2508307,1345,'LAGOA SECA',25),(2508406,1346,'LASTRO',25),(2508505,1347,'LIVRAMENTO',25),(2508554,1348,'LOGRADOURO',25),(2508604,1349,'LUCENA',25),(2508703,1350,'MÃE DÁGUA',25),(2508802,1351,'MALTA',25),(2508901,1352,'MAMANGUAPE',25),(2509008,1353,'MANAÍRA',25),(2509057,1354,'MARCAÇÃO',25),(2509107,1355,'MARI',25),(2509156,1356,'MARIZÓPOLIS',25),(2509206,1357,'MASSARANDUBA',25),(2509305,1358,'MATARACA',25),(2509339,1359,'MATINHAS',25),(2509370,1360,'MATO GROSSO',25),(2509396,1361,'MATURÉIA',25),(2509404,1362,'MOGEIRO',25),(2509503,1363,'MONTADAS',25),(2509602,1364,'MONTE HOREBE',25),(2509701,1365,'MONTEIRO',25),(2509800,1366,'MULUNGU',25),(2509909,1367,'NATUBA',25),(2510006,1368,'NAZAREZINHO',25),(2510105,1369,'NOVA FLORESTA',25),(2510204,1370,'NOVA OLINDA',25),(2510303,1371,'NOVA PALMEIRA',25),(2510402,1372,'OLHO DÁGUA',25),(2510501,1373,'OLIVEDOS',25),(2510600,1374,'OURO VELHO',25),(2510659,1375,'PARARI',25),(2510709,1376,'PASSAGEM',25),(2510808,1377,'PATOS',25),(2510907,1378,'PAULISTA',25),(2511004,1379,'PEDRA BRANCA',25),(2511103,1380,'PEDRA LAVRADA',25),(2511202,1381,'PEDRAS DE FOGO',25),(2511301,1382,'PIANCÓ',25),(2511400,1383,'PICUÍ',25),(2511509,1384,'PILAR',25),(2511608,1385,'PILÕES',25),(2511707,1386,'PILÕEZINHOS',25),(2511806,1387,'PIRPIRITUBA',25),(2511905,1388,'PITIMBU',25),(2512002,1389,'POCINHOS',25),(2512036,1390,'POÇO DANTAS',25),(2512077,1391,'POÇO DE JOSÉ DE MOURA',25),(2512101,1392,'POMBAL',25),(2512200,1393,'PRATA',25),(2512309,1394,'PRINCESA ISABEL',25),(2512408,1395,'PUXINANÃ',25),(2512507,1396,'QUEIMADAS',25),(2512606,1397,'QUIXABÁ',25),(2512705,1398,'REMÍGIO',25),(2512721,1399,'PEDRO RÉGIS',25),(2512747,1400,'RIACHÃO',25),(2512754,1401,'RIACHÃO DO BACAMARTE',25),(2512762,1402,'RIACHÃO DO POÇO',25),(2512788,1403,'RIACHO DE SANTO ANTÔNIO',25),(2512804,1404,'RIACHO DOS CAVALOS',25),(2512903,1405,'RIO TINTO',25),(2513000,1406,'SALGADINHO',25),(2513109,1407,'SALGADO DE SÃO FÉLIX',25),(2513158,1408,'SANTA CECÍLIA',25),(2513208,1409,'SANTA CRUZ',25),(2513307,1410,'SANTA HELENA',25),(2513356,1411,'SANTA INÊS',25),(2513406,1412,'SANTA LUZIA',25),(2513505,1413,'SANTANA DE MANGUEIRA',25),(2513604,1414,'SANTANA DOS GARROTES',25),(2513653,1415,'SANTARÉM',25),(2513703,1416,'SANTA RITA',25),(2513802,1417,'SANTA TERESINHA',25),(2513851,1418,'SANTO ANDRÉ',25),(2513901,1419,'SÃO BENTO',25),(2513927,1420,'SÃO BENTINHO',25),(2513943,1421,'SÃO DOMINGOS DO CARIRI',25),(2513968,1422,'SÃO DOMINGOS',25),(2513984,1423,'SÃO FRANCISCO',25),(2514008,1424,'SÃO JOÃO DO CARIRI',25),(2514107,1425,'SÃO JOÃO DO TIGRE',25),(2514206,1426,'SÃO JOSÉ DA LAGOA TAPADA',25),(2514305,1427,'SÃO JOSÉ DE CAIANA',25),(2514404,1428,'SÃO JOSÉ DE ESPINHARAS',25),(2514453,1429,'SÃO JOSÉ DOS RAMOS',25),(2514503,1430,'SÃO JOSÉ DE PIRANHAS',25),(2514552,1431,'SÃO JOSÉ DE PRINCESA',25),(2514602,1432,'SÃO JOSÉ DO BONFIM',25),(2514651,1433,'SÃO JOSÉ DO BREJO DO CRUZ',25),(2514701,1434,'SÃO JOSÉ DO SABUGI',25),(2514800,1435,'SÃO JOSÉ DOS CORDEIROS',25),(2514909,1436,'SÃO MAMEDE',25),(2515005,1437,'SÃO MIGUEL DE TAIPU',25),(2515104,1438,'SÃO SEBASTIÃO DE LAGOA DE ROÇA',25),(2515203,1439,'SÃO SEBASTIÃO DO UMBUZEIRO',25),(2515302,1440,'SAPÉ',25),(2515401,1441,'SERIDÓ',25),(2515500,1442,'SERRA BRANCA',25),(2515609,1443,'SERRA DA RAIZ',25),(2515708,1444,'SERRA GRANDE',25),(2515807,1445,'SERRA REDONDA',25),(2515906,1446,'SERRARIA',25),(2515930,1447,'SERTÃOZINHO',25),(2515971,1448,'SOBRADO',25),(2516003,1449,'SOLÂNEA',25),(2516102,1450,'SOLEDADE',25),(2516151,1451,'SOSSÊGO',25),(2516201,1452,'SOUSA',25),(2516300,1453,'SUMÉ',25),(2516409,1454,'TACIMA',25),(2516508,1455,'TAPEROÁ',25),(2516607,1456,'TAVARES',25),(2516706,1457,'TEIXEIRA',25),(2516755,1458,'TENÓRIO',25),(2516805,1459,'TRIUNFO',25),(2516904,1460,'UIRAÚNA',25),(2517001,1461,'UMBUZEIRO',25),(2517100,1462,'VÁRZEA',25),(2517209,1463,'VIEIRÓPOLIS',25),(2517407,1464,'ZABELÊ',25),(2600054,1465,'ABREU E LIMA',26),(2600104,1466,'AFOGADOS DA INGAZEIRA',26),(2600203,1467,'AFRÂNIO',26),(2600302,1468,'AGRESTINA',26),(2600401,1469,'ÁGUA PRETA',26),(2600500,1470,'ÁGUAS BELAS',26),(2600609,1471,'ALAGOINHA',26),(2600708,1472,'ALIANÇA',26),(2600807,1473,'ALTINHO',26),(2600906,1474,'AMARAJI',26),(2601003,1475,'ANGELIM',26),(2601052,1476,'ARAÇOIABA',26),(2601102,1477,'ARARIPINA',26),(2601201,1478,'ARCOVERDE',26),(2601300,1479,'BARRA DE GUABIRABA',26),(2601409,1480,'BARREIROS',26),(2601508,1481,'BELÉM DE MARIA',26),(2601607,1482,'BELÉM DO SÃO FRANCISCO',26),(2601706,1483,'BELO JARDIM',26),(2601805,1484,'BETÂNIA',26),(2601904,1485,'BEZERROS',26),(2602001,1486,'BODOCÓ',26),(2602100,1487,'BOM CONSELHO',26),(2602209,1488,'BOM JARDIM',26),(2602308,1489,'BONITO',26),(2602407,1490,'BREJÃO',26),(2602506,1491,'BREJINHO',26),(2602605,1492,'BREJO DA MADRE DE DEUS',26),(2602704,1493,'BUENOS AIRES',26),(2602803,1494,'BUÍQUE',26),(2602902,1495,'CABO DE SANTO AGOSTINHO',26),(2603009,1496,'CABROBÓ',26),(2603108,1497,'CACHOEIRINHA',26),(2603207,1498,'CAETÉS',26),(2603306,1499,'CALÇADO',26),(2603405,1500,'CALUMBI',26),(2603454,1501,'CAMARAGIBE',26),(2603504,1502,'CAMOCIM DE SÃO FÉLIX',26),(2603603,1503,'CAMUTANGA',26),(2603702,1504,'CANHOTINHO',26),(2603801,1505,'CAPOEIRAS',26),(2603900,1506,'CARNAÍBA',26),(2603926,1507,'CARNAUBEIRA DA PENHA',26),(2604007,1508,'CARPINA',26),(2604106,1509,'CARUARU',26),(2604155,1510,'CASINHAS',26),(2604205,1511,'CATENDE',26),(2604304,1512,'CEDRO',26),(2604403,1513,'CHÃ DE ALEGRIA',26),(2604502,1514,'CHÃ GRANDE',26),(2604601,1515,'CONDADO',26),(2604700,1516,'CORRENTES',26),(2604809,1517,'CORTÊS',26),(2604908,1518,'CUMARU',26),(2605004,1519,'CUPIRA',26),(2605103,1520,'CUSTÓDIA',26),(2605152,1521,'DORMENTES',26),(2605202,1522,'ESCADA',26),(2605301,1523,'EXU',26),(2605400,1524,'FEIRA NOVA',26),(2605459,1525,'FERNANDO DE NORONHA',26),(2605509,1526,'FERREIROS',26),(2605608,1527,'FLORES',26),(2605707,1528,'FLORESTA',26),(2605806,1529,'FREI MIGUELINHO',26),(2605905,1530,'GAMELEIRA',26),(2606002,1531,'GARANHUNS',26),(2606101,1532,'GLÓRIA DO GOITÁ',26),(2606200,1533,'GOIANA',26),(2606309,1534,'GRANITO',26),(2606408,1535,'GRAVATÁ',26),(2606507,1536,'IATI',26),(2606606,1537,'IBIMIRIM',26),(2606705,1538,'IBIRAJUBA',26),(2606804,1539,'IGARASSU',26),(2606903,1540,'IGUARACI',26),(2607000,1541,'INAJÁ',26),(2607109,1542,'INGAZEIRA',26),(2607208,1543,'IPOJUCA',26),(2607307,1544,'IPUBI',26),(2607406,1545,'ITACURUBA',26),(2607505,1546,'ITAÍBA',26),(2607604,1547,'ILHA DE ITAMARACÁ',26),(2607653,1548,'ITAMBÉ',26),(2607703,1549,'ITAPETIM',26),(2607752,1550,'ITAPISSUMA',26),(2607802,1551,'ITAQUITINGA',26),(2607901,1552,'JABOATÃO DOS GUARARAPES',26),(2607950,1553,'JAQUEIRA',26),(2608008,1554,'JATAÚBA',26),(2608057,1555,'JATOBÁ',26),(2608107,1556,'JOÃO ALFREDO',26),(2608206,1557,'JOAQUIM NABUCO',26),(2608255,1558,'JUCATI',26),(2608305,1559,'JUPI',26),(2608404,1560,'JUREMA',26),(2608453,1561,'LAGOA DO CARRO',26),(2608503,1562,'LAGOA DE ITAENGA',26),(2608602,1563,'LAGOA DO OURO',26),(2608701,1564,'LAGOA DOS GATOS',26),(2608750,1565,'LAGOA GRANDE',26),(2608800,1566,'LAJEDO',26),(2608909,1567,'LIMOEIRO',26),(2609006,1568,'MACAPARANA',26),(2609105,1569,'MACHADOS',26),(2609154,1570,'MANARI',26),(2609204,1571,'MARAIAL',26),(2609303,1572,'MIRANDIBA',26),(2609402,1573,'MORENO',26),(2609501,1574,'NAZARÉ DA MATA',26),(2609600,1575,'OLINDA',26),(2609709,1576,'OROBÓ',26),(2609808,1577,'OROCÓ',26),(2609907,1578,'OURICURI',26),(2610004,1579,'PALMARES',26),(2610103,1580,'PALMEIRINA',26),(2610202,1581,'PANELAS',26),(2610301,1582,'PARANATAMA',26),(2610400,1583,'PARNAMIRIM',26),(2610509,1584,'PASSIRA',26),(2610608,1585,'PAUDALHO',26),(2610707,1586,'PAULISTA',26),(2610806,1587,'PEDRA',26),(2610905,1588,'PESQUEIRA',26),(2611002,1589,'PETROLÂNDIA',26),(2611101,1590,'PETROLINA',26),(2611200,1591,'POÇÃO',26),(2611309,1592,'POMBOS',26),(2611408,1593,'PRIMAVERA',26),(2611507,1594,'QUIPAPÁ',26),(2611533,1595,'QUIXABA',26),(2611606,1596,'RECIFE',26),(2611705,1597,'RIACHO DAS ALMAS',26),(2611804,1598,'RIBEIRÃO',26),(2611903,1599,'RIO FORMOSO',26),(2612000,1600,'SAIRÉ',26),(2612109,1601,'SALGADINHO',26),(2612208,1602,'SALGUEIRO',26),(2612307,1603,'SALOÁ',26),(2612406,1604,'SANHARÓ',26),(2612455,1605,'SANTA CRUZ',26),(2612471,1606,'SANTA CRUZ DA BAIXA VERDE',26),(2612505,1607,'SANTA CRUZ DO CAPIBARIBE',26),(2612554,1608,'SANTA FILOMENA',26),(2612604,1609,'SANTA MARIA DA BOA VISTA',26),(2612703,1610,'SANTA MARIA DO CAMBUCÁ',26),(2612802,1611,'SANTA TEREZINHA',26),(2612901,1612,'SÃO BENEDITO DO SUL',26),(2613008,1613,'SÃO BENTO DO UNA',26),(2613107,1614,'SÃO CAITANO',26),(2613206,1615,'SÃO JOÃO',26),(2613305,1616,'SÃO JOAQUIM DO MONTE',26),(2613404,1617,'SÃO JOSÉ DA COROA GRANDE',26),(2613503,1618,'SÃO JOSÉ DO BELMONTE',26),(2613602,1619,'SÃO JOSÉ DO EGITO',26),(2613701,1620,'SÃO LOURENÇO DA MATA',26),(2613800,1621,'SÃO VICENTE FERRER',26),(2613909,1622,'SERRA TALHADA',26),(2614006,1623,'SERRITA',26),(2614105,1624,'SERTÂNIA',26),(2614204,1625,'SIRINHAÉM',26),(2614303,1626,'MOREILÂNDIA',26),(2614402,1627,'SOLIDÃO',26),(2614501,1628,'SURUBIM',26),(2614600,1629,'TABIRA',26),(2614709,1630,'TACAIMBÓ',26),(2614808,1631,'TACARATU',26),(2614857,1632,'TAMANDARÉ',26),(2615003,1633,'TAQUARITINGA DO NORTE',26),(2615102,1634,'TEREZINHA',26),(2615201,1635,'TERRA NOVA',26),(2615300,1636,'TIMBAÚBA',26),(2615409,1637,'TORITAMA',26),(2615508,1638,'TRACUNHAÉM',26),(2615607,1639,'TRINDADE',26),(2615706,1640,'TRIUNFO',26),(2615805,1641,'TUPANATINGA',26),(2615904,1642,'TUPARETAMA',26),(2616001,1643,'VENTUROSA',26),(2616100,1644,'VERDEJANTE',26),(2616183,1645,'VERTENTE DO LÉRIO',26),(2616209,1646,'VERTENTES',26),(2616308,1647,'VICÊNCIA',26),(2616407,1648,'VITÓRIA DE SANTO ANTÃO',26),(2616506,1649,'XEXÉU',26),(2700102,1650,'ÁGUA BRANCA',27),(2700201,1651,'ANADIA',27),(2700300,1652,'ARAPIRACA',27),(2700409,1653,'ATALAIA',27),(2700508,1654,'BARRA DE SANTO ANTÔNIO',27),(2700607,1655,'BARRA DE SÃO MIGUEL',27),(2700706,1656,'BATALHA',27),(2700805,1657,'BELÉM',27),(2700904,1658,'BELO MONTE',27),(2701001,1659,'BOCA DA MATA',27),(2701100,1660,'BRANQUINHA',27),(2701209,1661,'CACIMBINHAS',27),(2701308,1662,'CAJUEIRO',27),(2701357,1663,'CAMPESTRE',27),(2701407,1664,'CAMPO ALEGRE',27),(2701506,1665,'CAMPO GRANDE',27),(2701605,1666,'CANAPI',27),(2701704,1667,'CAPELA',27),(2701803,1668,'CARNEIROS',27),(2701902,1669,'CHÃ PRETA',27),(2702009,1670,'COITÉ DO NÓIA',27),(2702108,1671,'COLÔNIA LEOPOLDINA',27),(2702207,1672,'COQUEIRO SECO',27),(2702306,1673,'CORURIPE',27),(2702355,1674,'CRAÍBAS',27),(2702405,1675,'DELMIRO GOUVEIA',27),(2702504,1676,'DOIS RIACHOS',27),(2702553,1677,'ESTRELA DE ALAGOAS',27),(2702603,1678,'FEIRA GRANDE',27),(2702702,1679,'FELIZ DESERTO',27),(2702801,1680,'FLEXEIRAS',27),(2702900,1681,'GIRAU DO PONCIANO',27),(2703007,1682,'IBATEGUARA',27),(2703106,1683,'IGACI',27),(2703205,1684,'IGREJA NOVA',27),(2703304,1685,'INHAPI',27),(2703403,1686,'JACARÉ DOS HOMENS',27),(2703502,1687,'JACUÍPE',27),(2703601,1688,'JAPARATINGA',27),(2703700,1689,'JARAMATAIA',27),(2703759,1690,'JEQUIÁ DA PRAIA',27),(2703809,1691,'JOAQUIM GOMES',27),(2703908,1692,'JUNDIÁ',27),(2704005,1693,'JUNQUEIRO',27),(2704104,1694,'LAGOA DA CANOA',27),(2704203,1695,'LIMOEIRO DE ANADIA',27),(2704302,1696,'MACEIÓ',27),(2704401,1697,'MAJOR ISIDORO',27),(2704500,1698,'MARAGOGI',27),(2704609,1699,'MARAVILHA',27),(2704708,1700,'MARECHAL DEODORO',27),(2704807,1701,'MARIBONDO',27),(2704906,1702,'MAR VERMELHO',27),(2705002,1703,'MATA GRANDE',27),(2705101,1704,'MATRIZ DE CAMARAGIBE',27),(2705200,1705,'MESSIAS',27),(2705309,1706,'MINADOR DO NEGRÃO',27),(2705408,1707,'MONTEIRÓPOLIS',27),(2705507,1708,'MURICI',27),(2705606,1709,'NOVO LINO',27),(2705705,1710,'OLHO DÁGUA DAS FLORES',27),(2705804,1711,'OLHO DÁGUA DO CASADO',27),(2705903,1712,'OLHO DÁGUA GRANDE',27),(2706000,1713,'OLIVENÇA',27),(2706109,1714,'OURO BRANCO',27),(2706208,1715,'PALESTINA',27),(2706307,1716,'PALMEIRA DOS ÍNDIOS',27),(2706406,1717,'PÃO DE AÇÚCAR',27),(2706422,1718,'PARICONHA',27),(2706448,1719,'PARIPUEIRA',27),(2706505,1720,'PASSO DE CAMARAGIBE',27),(2706604,1721,'PAULO JACINTO',27),(2706703,1722,'PENEDO',27),(2706802,1723,'PIAÇABUÇU',27),(2706901,1724,'PILAR',27),(2707008,1725,'PINDOBA',27),(2707107,1726,'PIRANHAS',27),(2707206,1727,'POÇO DAS TRINCHEIRAS',27),(2707305,1728,'PORTO CALVO',27),(2707404,1729,'PORTO DE PEDRAS',27),(2707503,1730,'PORTO REAL DO COLÉGIO',27),(2707602,1731,'QUEBRANGULO',27),(2707701,1732,'RIO LARGO',27),(2707800,1733,'ROTEIRO',27),(2707909,1734,'SANTA LUZIA DO NORTE',27),(2708006,1735,'SANTANA DO IPANEMA',27),(2708105,1736,'SANTANA DO MUNDAÚ',27),(2708204,1737,'SÃO BRÁS',27),(2708303,1738,'SÃO JOSÉ DA LAJE',27),(2708402,1739,'SÃO JOSÉ DA TAPERA',27),(2708501,1740,'SÃO LUÍS DO QUITUNDE',27),(2708600,1741,'SÃO MIGUEL DOS CAMPOS',27),(2708709,1742,'SÃO MIGUEL DOS MILAGRES',27),(2708808,1743,'SÃO SEBASTIÃO',27),(2708907,1744,'SATUBA',27),(2708956,1745,'SENADOR RUI PALMEIRA',27),(2709004,1746,'TANQUE DARCA',27),(2709103,1747,'TAQUARANA',27),(2709152,1748,'TEOTÔNIO VILELA',27),(2709202,1749,'TRAIPU',27),(2709301,1750,'UNIÃO DOS PALMARES',27),(2709400,1751,'VIÇOSA',27),(2800100,1752,'AMPARO DE SÃO FRANCISCO',28),(2800209,1753,'AQUIDABÃ',28),(2800308,1754,'ARACAJU',28),(2800407,1755,'ARAUÁ',28),(2800506,1756,'AREIA BRANCA',28),(2800605,1757,'BARRA DOS COQUEIROS',28),(2800670,1758,'BOQUIM',28),(2800704,1759,'BREJO GRANDE',28),(2801009,1760,'CAMPO DO BRITO',28),(2801108,1761,'CANHOBA',28),(2801207,1762,'CANINDÉ DE SÃO FRANCISCO',28),(2801306,1763,'CAPELA',28),(2801405,1764,'CARIRA',28),(2801504,1765,'CARMÓPOLIS',28),(2801603,1766,'CEDRO DE SÃO JOÃO',28),(2801702,1767,'CRISTINÁPOLIS',28),(2801900,1768,'CUMBE',28),(2802007,1769,'DIVINA PASTORA',28),(2802106,1770,'ESTÂNCIA',28),(2802205,1771,'FEIRA NOVA',28),(2802304,1772,'FREI PAULO',28),(2802403,1773,'GARARU',28),(2802502,1774,'GENERAL MAYNARD',28),(2802601,1775,'GRACHO CARDOSO',28),(2802700,1776,'ILHA DAS FLORES',28),(2802809,1777,'INDIAROBA',28),(2802908,1778,'ITABAIANA',28),(2803005,1779,'ITABAIANINHA',28),(2803104,1780,'ITABI',28),(2803203,1781,'ITAPORANGA DAJUDA',28),(2803302,1782,'JAPARATUBA',28),(2803401,1783,'JAPOATÃ',28),(2803500,1784,'LAGARTO',28),(2803609,1785,'LARANJEIRAS',28),(2803708,1786,'MACAMBIRA',28),(2803807,1787,'MALHADA DOS BOIS',28),(2803906,1788,'MALHADOR',28),(2804003,1789,'MARUIM',28),(2804102,1790,'MOITA BONITA',28),(2804201,1791,'MONTE ALEGRE DE SERGIPE',28),(2804300,1792,'MURIBECA',28),(2804409,1793,'NEÓPOLIS',28),(2804458,1794,'NOSSA SENHORA APARECIDA',28),(2804508,1795,'NOSSA SENHORA DA GLÓRIA',28),(2804607,1796,'NOSSA SENHORA DAS DORES',28),(2804706,1797,'NOSSA SENHORA DE LOURDES',28),(2804805,1798,'NOSSA SENHORA DO SOCORRO',28),(2804904,1799,'PACATUBA',28),(2805000,1800,'PEDRA MOLE',28),(2805109,1801,'PEDRINHAS',28),(2805208,1802,'PINHÃO',28),(2805307,1803,'PIRAMBU',28),(2805406,1804,'POÇO REDONDO',28),(2805505,1805,'POÇO VERDE',28),(2805604,1806,'PORTO DA FOLHA',28),(2805703,1807,'PROPRIÁ',28),(2805802,1808,'RIACHÃO DO DANTAS',28),(2805901,1809,'RIACHUELO',28),(2806008,1810,'RIBEIRÓPOLIS',28),(2806107,1811,'ROSÁRIO DO CATETE',28),(2806206,1812,'SALGADO',28),(2806305,1813,'SANTA LUZIA DO ITANHY',28),(2806404,1814,'SANTANA DO SÃO FRANCISCO',28),(2806503,1815,'SANTA ROSA DE LIMA',28),(2806602,1816,'SANTO AMARO DAS BROTAS',28),(2806701,1817,'SÃO CRISTÓVÃO',28),(2806800,1818,'SÃO DOMINGOS',28),(2806909,1819,'SÃO FRANCISCO',28),(2807006,1820,'SÃO MIGUEL DO ALEIXO',28),(2807105,1821,'SIMÃO DIAS',28),(2807204,1822,'SIRIRI',28),(2807303,1823,'TELHA',28),(2807402,1824,'TOBIAS BARRETO',28),(2807501,1825,'TOMAR DO GERU',28),(2807600,1826,'UMBAÚBA',28),(2900108,1827,'ABAÍRA',29),(2900207,1828,'ABARÉ',29),(2900306,1829,'ACAJUTIBA',29),(2900355,1830,'ADUSTINA',29),(2900405,1831,'ÁGUA FRIA',29),(2900504,1832,'ÉRICO CARDOSO',29),(2900603,1833,'AIQUARA',29),(2900702,1834,'ALAGOINHAS',29),(2900801,1835,'ALCOBAÇA',29),(2900900,1836,'ALMADINA',29),(2901007,1837,'AMARGOSA',29),(2901106,1838,'AMÉLIA RODRIGUES',29),(2901155,1839,'AMÉRICA DOURADA',29),(2901205,1840,'ANAGÉ',29),(2901304,1841,'ANDARAÍ',29),(2901353,1842,'ANDORINHA',29),(2901403,1843,'ANGICAL',29),(2901502,1844,'ANGUERA',29),(2901601,1845,'ANTAS',29),(2901700,1846,'ANTÔNIO CARDOSO',29),(2901809,1847,'ANTÔNIO GONÇALVES',29),(2901908,1848,'APORÁ',29),(2901957,1849,'APUAREMA',29),(2902005,1850,'ARACATU',29),(2902054,1851,'ARAÇAS',29),(2902104,1852,'ARACI',29),(2902203,1853,'ARAMARI',29),(2902252,1854,'ARATACA',29),(2902302,1855,'ARATUÍPE',29),(2902401,1856,'AURELINO LEAL',29),(2902500,1857,'BAIANÓPOLIS',29),(2902609,1858,'BAIXA GRANDE',29),(2902658,1859,'BANZAÊ',29),(2902708,1860,'BARRA',29),(2902807,1861,'BARRA DA ESTIVA',29),(2902906,1862,'BARRA DO CHOÇA',29),(2903003,1863,'BARRA DO MENDES',29),(2903102,1864,'BARRA DO ROCHA',29),(2903201,1865,'BARREIRAS',29),(2903235,1866,'BARRO ALTO',29),(2903276,1867,'BARROCAS',29),(2903300,1868,'BARRO PRETO',29),(2903409,1869,'BELMONTE',29),(2903508,1870,'BELO CAMPO',29),(2903607,1871,'BIRITINGA',29),(2903706,1872,'BOA NOVA',29),(2903805,1873,'BOA VISTA DO TUPIM',29),(2903904,1874,'BOM JESUS DA LAPA',29),(2903953,1875,'BOM JESUS DA SERRA',29),(2904001,1876,'BONINAL',29),(2904050,1877,'BONITO',29),(2904100,1878,'BOQUIRA',29),(2904209,1879,'BOTUPORÃ',29),(2904308,1880,'BREJÕES',29),(2904407,1881,'BREJOLÂNDIA',29),(2904506,1882,'BROTAS DE MACAÚBAS',29),(2904605,1883,'BRUMADO',29),(2904704,1884,'BUERAREMA',29),(2904753,1885,'BURITIRAMA',29),(2904803,1886,'CAATIBA',29),(2904852,1887,'CABACEIRAS DO PARAGUAÇU',29),(2904902,1888,'CACHOEIRA',29),(2905008,1889,'CACULÉ',29),(2905107,1890,'CAÉM',29),(2905156,1891,'CAETANOS',29),(2905206,1892,'CAETITÉ',29),(2905305,1893,'CAFARNAUM',29),(2905404,1894,'CAIRU',29),(2905503,1895,'CALDEIRÃO GRANDE',29),(2905602,1896,'CAMACAN',29),(2905701,1897,'CAMAÇARI',29),(2905800,1898,'CAMAMU',29),(2905909,1899,'CAMPO ALEGRE DE LOURDES',29),(2906006,1900,'CAMPO FORMOSO',29),(2906105,1901,'CANÁPOLIS',29),(2906204,1902,'CANARANA',29),(2906303,1903,'CANAVIEIRAS',29),(2906402,1904,'CANDEAL',29),(2906501,1905,'CANDEIAS',29),(2906600,1906,'CANDIBA',29),(2906709,1907,'CÂNDIDO SALES',29),(2906808,1908,'CANSANÇÃO',29),(2906824,1909,'CANUDOS',29),(2906857,1910,'CAPELA DO ALTO ALEGRE',29),(2906873,1911,'CAPIM GROSSO',29),(2906899,1912,'CARAÍBAS',29),(2906907,1913,'CARAVELAS',29),(2907004,1914,'CARDEAL DA SILVA',29),(2907103,1915,'CARINHANHA',29),(2907202,1916,'CASA NOVA',29),(2907301,1917,'CASTRO ALVES',29),(2907400,1918,'CATOLÂNDIA',29),(2907509,1919,'CATU',29),(2907558,1920,'CATURAMA',29),(2907608,1921,'CENTRAL',29),(2907707,1922,'CHORROCHÓ',29),(2907806,1923,'CÍCERO DANTAS',29),(2907905,1924,'CIPÓ',29),(2908002,1925,'COARACI',29),(2908101,1926,'COCOS',29),(2908200,1927,'CONCEIÇÃO DA FEIRA',29),(2908309,1928,'CONCEIÇÃO DO ALMEIDA',29),(2908408,1929,'CONCEIÇÃO DO COITÉ',29),(2908507,1930,'CONCEIÇÃO DO JACUÍPE',29),(2908606,1931,'CONDE',29),(2908705,1932,'CONDEÚBA',29),(2908804,1933,'CONTENDAS DO SINCORÁ',29),(2908903,1934,'CORAÇÃO DE MARIA',29),(2909000,1935,'CORDEIROS',29),(2909109,1936,'CORIBE',29),(2909208,1937,'CORONEL JOÃO SÁ',29),(2909307,1938,'CORRENTINA',29),(2909406,1939,'COTEGIPE',29),(2909505,1940,'CRAVOLÂNDIA',29),(2909604,1941,'CRISÓPOLIS',29),(2909703,1942,'CRISTÓPOLIS',29),(2909802,1943,'CRUZ DAS ALMAS',29),(2909901,1944,'CURAÇÁ',29),(2910008,1945,'DÁRIO MEIRA',29),(2910057,1946,'DIAS DÁVILA',29),(2910107,1947,'DOM BASÍLIO',29),(2910206,1948,'DOM MACEDO COSTA',29),(2910305,1949,'ELÍSIO MEDRADO',29),(2910404,1950,'ENCRUZILHADA',29),(2910503,1951,'ENTRE RIOS',29),(2910602,1952,'ESPLANADA',29),(2910701,1953,'EUCLIDES DA CUNHA',29),(2910727,1954,'EUNÁPOLIS',29),(2910750,1955,'FÁTIMA',29),(2910776,1956,'FEIRA DA MATA',29),(2910800,1957,'FEIRA DE SANTANA',29),(2910859,1958,'FILADÉLFIA',29),(2910909,1959,'FIRMINO ALVES',29),(2911006,1960,'FLORESTA AZUL',29),(2911105,1961,'FORMOSA DO RIO PRETO',29),(2911204,1962,'GANDU',29),(2911253,1963,'GAVIÃO',29),(2911303,1964,'GENTIO DO OURO',29),(2911402,1965,'GLÓRIA',29),(2911501,1966,'GONGOGI',29),(2911600,1967,'GOVERNADOR MANGABEIRA',29),(2911659,1968,'GUAJERU',29),(2911709,1969,'GUANAMBI',29),(2911808,1970,'GUARATINGA',29),(2911857,1971,'HELIÓPOLIS',29),(2911907,1972,'IAÇU',29),(2912004,1973,'IBIASSUCÊ',29),(2912103,1974,'IBICARAÍ',29),(2912202,1975,'IBICOARA',29),(2912301,1976,'IBICUÍ',29),(2912400,1977,'IBIPEBA',29),(2912509,1978,'IBIPITANGA',29),(2912608,1979,'IBIQUERA',29),(2912707,1980,'IBIRAPITANGA',29),(2912806,1981,'IBIRAPUÃ',29),(2912905,1982,'IBIRATAIA',29),(2913002,1983,'IBITIARA',29),(2913101,1984,'IBITITÁ',29),(2913200,1985,'IBOTIRAMA',29),(2913309,1986,'ICHU',29),(2913408,1987,'IGAPORÃ',29),(2913457,1988,'IGRAPIÚNA',29),(2913507,1989,'IGUAÍ',29),(2913606,1990,'ILHÉUS',29),(2913705,1991,'INHAMBUPE',29),(2913804,1992,'IPECAETÁ',29),(2913903,1993,'IPIAÚ',29),(2914000,1994,'IPIRÁ',29),(2914109,1995,'IPUPIARA',29),(2914208,1996,'IRAJUBA',29),(2914307,1997,'IRAMAIA',29),(2914406,1998,'IRAQUARA',29),(2914505,1999,'IRARÁ',29),(2914604,2000,'IRECÊ',29),(2914653,2001,'ITABELA',29),(2914703,2002,'ITABERABA',29),(2914802,2003,'ITABUNA',29),(2914901,2004,'ITACARÉ',29),(2915007,2005,'ITAETÉ',29),(2915106,2006,'ITAGI',29),(2915205,2007,'ITAGIBÁ',29),(2915304,2008,'ITAGIMIRIM',29),(2915353,2009,'ITAGUAÇU DA BAHIA',29),(2915403,2010,'ITAJU DO COLÔNIA',29),(2915502,2011,'ITAJUÍPE',29),(2915601,2012,'ITAMARAJU',29),(2915700,2013,'ITAMARI',29),(2915809,2014,'ITAMBÉ',29),(2915908,2015,'ITANAGRA',29),(2916005,2016,'ITANHÉM',29),(2916104,2017,'ITAPARICA',29),(2916203,2018,'ITAPÉ',29),(2916302,2019,'ITAPEBI',29),(2916401,2020,'ITAPETINGA',29),(2916500,2021,'ITAPICURU',29),(2916609,2022,'ITAPITANGA',29),(2916708,2023,'ITAQUARA',29),(2916807,2024,'ITARANTIM',29),(2916856,2025,'ITATIM',29),(2916906,2026,'ITIRUÇU',29),(2917003,2027,'ITIÚBA',29),(2917102,2028,'ITORORÓ',29),(2917201,2029,'ITUAÇU',29),(2917300,2030,'ITUBERÁ',29),(2917334,2031,'IUIÚ',29),(2917359,2032,'JABORANDI',29),(2917409,2033,'JACARACI',29),(2917508,2034,'JACOBINA',29),(2917607,2035,'JAGUAQUARA',29),(2917706,2036,'JAGUARARI',29),(2917805,2037,'JAGUARIPE',29),(2917904,2038,'JANDAÍRA',29),(2918001,2039,'JEQUIÉ',29),(2918100,2040,'JEREMOABO',29),(2918209,2041,'JIQUIRIÇÁ',29),(2918308,2042,'JITAÚNA',29),(2918357,2043,'JOÃO DOURADO',29),(2918407,2044,'JUAZEIRO',29),(2918456,2045,'JUCURUÇU',29),(2918506,2046,'JUSSARA',29),(2918555,2047,'JUSSARI',29),(2918605,2048,'JUSSIAPE',29),(2918704,2049,'LAFAIETE COUTINHO',29),(2918753,2050,'LAGOA REAL',29),(2918803,2051,'LAJE',29),(2918902,2052,'LAJEDÃO',29),(2919009,2053,'LAJEDINHO',29),(2919058,2054,'LAJEDO DO TABOCAL',29),(2919108,2055,'LAMARÃO',29),(2919157,2056,'LAPÃO',29),(2919207,2057,'LAURO DE FREITAS',29),(2919306,2058,'LENÇÓIS',29),(2919405,2059,'LICÍNIO DE ALMEIDA',29),(2919504,2060,'LIVRAMENTO DE NOSSA SENHORA',29),(2919553,2061,'LUÍS EDUARDO MAGALHÃES',29),(2919603,2062,'MACAJUBA',29),(2919702,2063,'MACARANI',29),(2919801,2064,'MACAÚBAS',29),(2919900,2065,'MACURURÉ',29),(2919926,2066,'MADRE DE DEUS',29),(2919959,2067,'MAETINGA',29),(2920007,2068,'MAIQUINIQUE',29),(2920106,2069,'MAIRI',29),(2920205,2070,'MALHADA',29),(2920304,2071,'MALHADA DE PEDRAS',29),(2920403,2072,'MANOEL VITORINO',29),(2920452,2073,'MANSIDÃO',29),(2920502,2074,'MARACÁS',29),(2920601,2075,'MARAGOGIPE',29),(2920700,2076,'MARAÚ',29),(2920809,2077,'MARCIONÍLIO SOUZA',29),(2920908,2078,'MASCOTE',29),(2921005,2079,'MATA DE SÃO JOÃO',29),(2921054,2080,'MATINA',29),(2921104,2081,'MEDEIROS NETO',29),(2921203,2082,'MIGUEL CALMON',29),(2921302,2083,'MILAGRES',29),(2921401,2084,'MIRANGABA',29),(2921450,2085,'MIRANTE',29),(2921500,2086,'MONTE SANTO',29),(2921609,2087,'MORPARÁ',29),(2921708,2088,'MORRO DO CHAPÉU',29),(2921807,2089,'MORTUGABA',29),(2921906,2090,'MUCUGÊ',29),(2922003,2091,'MUCURI',29),(2922052,2092,'MULUNGU DO MORRO',29),(2922102,2093,'MUNDO NOVO',29),(2922201,2094,'MUNIZ FERREIRA',29),(2922250,2095,'MUQUÉM DE SÃO FRANCISCO',29),(2922300,2096,'MURITIBA',29),(2922409,2097,'MUTUÍPE',29),(2922508,2098,'NAZARÉ',29),(2922607,2099,'NILO PEÇANHA',29),(2922656,2100,'NORDESTINA',29),(2922706,2101,'NOVA CANAÃ',29),(2922730,2102,'NOVA FÁTIMA',29),(2922755,2103,'NOVA IBIÁ',29),(2922805,2104,'NOVA ITARANA',29),(2922854,2105,'NOVA REDENÇÃO',29),(2922904,2106,'NOVA SOURE',29),(2923001,2107,'NOVA VIÇOSA',29),(2923035,2108,'NOVO HORIZONTE',29),(2923050,2109,'NOVO TRIUNFO',29),(2923100,2110,'OLINDINA',29),(2923209,2111,'OLIVEIRA DOS BREJINHOS',29),(2923308,2112,'OURIÇANGAS',29),(2923357,2113,'OUROLÂNDIA',29),(2923407,2114,'PALMAS DE MONTE ALTO',29),(2923506,2115,'PALMEIRAS',29),(2923605,2116,'PARAMIRIM',29),(2923704,2117,'PARATINGA',29),(2923803,2118,'PARIPIRANGA',29),(2923902,2119,'PAU BRASIL',29),(2924009,2120,'PAULO AFONSO',29),(2924058,2121,'PÉ DE SERRA',29),(2924108,2122,'PEDRÃO',29),(2924207,2123,'PEDRO ALEXANDRE',29),(2924306,2124,'PIATÃ',29),(2924405,2125,'PILÃO ARCADO',29),(2924504,2126,'PINDAÍ',29),(2924603,2127,'PINDOBAÇU',29),(2924652,2128,'PINTADAS',29),(2924678,2129,'PIRAÍ DO NORTE',29),(2924702,2130,'PIRIPÁ',29),(2924801,2131,'PIRITIBA',29),(2924900,2132,'PLANALTINO',29),(2925006,2133,'PLANALTO',29),(2925105,2134,'POÇÕES',29),(2925204,2135,'POJUCA',29),(2925253,2136,'PONTO NOVO',29),(2925303,2137,'PORTO SEGURO',29),(2925402,2138,'POTIRAGUÁ',29),(2925501,2139,'PRADO',29),(2925600,2140,'PRESIDENTE DUTRA',29),(2925709,2141,'PRESIDENTE JÂNIO QUADROS',29),(2925758,2142,'PRESIDENTE TANCREDO NEVES',29),(2925808,2143,'QUEIMADAS',29),(2925907,2144,'QUIJINGUE',29),(2925931,2145,'QUIXABEIRA',29),(2925956,2146,'RAFAEL JAMBEIRO',29),(2926004,2147,'REMANSO',29),(2926103,2148,'RETIROLÂNDIA',29),(2926202,2149,'RIACHÃO DAS NEVES',29),(2926301,2150,'RIACHÃO DO JACUÍPE',29),(2926400,2151,'RIACHO DE SANTANA',29),(2926509,2152,'RIBEIRA DO AMPARO',29),(2926608,2153,'RIBEIRA DO POMBAL',29),(2926657,2154,'RIBEIRÃO DO LARGO',29),(2926707,2155,'RIO DE CONTAS',29),(2926806,2156,'RIO DO ANTÔNIO',29),(2926905,2157,'RIO DO PIRES',29),(2927002,2158,'RIO REAL',29),(2927101,2159,'RODELAS',29),(2927200,2160,'RUY BARBOSA',29),(2927309,2161,'SALINAS DA MARGARIDA',29),(2927408,2162,'SALVADOR',29),(2927507,2163,'SANTA BÁRBARA',29),(2927606,2164,'SANTA BRÍGIDA',29),(2927705,2165,'SANTA CRUZ CABRÁLIA',29),(2927804,2166,'SANTA CRUZ DA VITÓRIA',29),(2927903,2167,'SANTA INÊS',29),(2928000,2168,'SANTALUZ',29),(2928059,2169,'SANTA LUZIA',29),(2928109,2170,'SANTA MARIA DA VITÓRIA',29),(2928208,2171,'SANTANA',29),(2928307,2172,'SANTANÓPOLIS',29),(2928406,2173,'SANTA RITA DE CÁSSIA',29),(2928505,2174,'SANTA TERESINHA',29),(2928604,2175,'SANTO AMARO',29),(2928703,2176,'SANTO ANTÔNIO DE JESUS',29),(2928802,2177,'SANTO ESTÊVÃO',29),(2928901,2178,'SÃO DESIDÉRIO',29),(2928950,2179,'SÃO DOMINGOS',29),(2929008,2180,'SÃO FÉLIX',29),(2929057,2181,'SÃO FÉLIX DO CORIBE',29),(2929107,2182,'SÃO FELIPE',29),(2929206,2183,'SÃO FRANCISCO DO CONDE',29),(2929255,2184,'SÃO GABRIEL',29),(2929305,2185,'SÃO GONÇALO DOS CAMPOS',29),(2929354,2186,'SÃO JOSÉ DA VITÓRIA',29),(2929370,2187,'SÃO JOSÉ DO JACUÍPE',29),(2929404,2188,'SÃO MIGUEL DAS MATAS',29),(2929503,2189,'SÃO SEBASTIÃO DO PASSÉ',29),(2929602,2190,'SAPEAÇU',29),(2929701,2191,'SÁTIRO DIAS',29),(2929750,2192,'SAUBARA',29),(2929800,2193,'SAÚDE',29),(2929909,2194,'SEABRA',29),(2930006,2195,'SEBASTIÃO LARANJEIRAS',29),(2930105,2196,'SENHOR DO BONFIM',29),(2930154,2197,'SERRA DO RAMALHO',29),(2930204,2198,'SENTO SÉ',29),(2930303,2199,'SERRA DOURADA',29),(2930402,2200,'SERRA PRETA',29),(2930501,2201,'SERRINHA',29),(2930600,2202,'SERROLÂNDIA',29),(2930709,2203,'SIMÕES FILHO',29),(2930758,2204,'SÍTIO DO MATO',29),(2930766,2205,'SÍTIO DO QUINTO',29),(2930774,2206,'SOBRADINHO',29),(2930808,2207,'SOUTO SOARES',29),(2930907,2208,'TABOCAS DO BREJO VELHO',29),(2931004,2209,'TANHAÇU',29),(2931053,2210,'TANQUE NOVO',29),(2931103,2211,'TANQUINHO',29),(2931202,2212,'TAPEROÁ',29),(2931301,2213,'TAPIRAMUTÁ',29),(2931350,2214,'TEIXEIRA DE FREITAS',29),(2931400,2215,'TEODORO SAMPAIO',29),(2931509,2216,'TEOFILÂNDIA',29),(2931608,2217,'TEOLÂNDIA',29),(2931707,2218,'TERRA NOVA',29),(2931806,2219,'TREMEDAL',29),(2931905,2220,'TUCANO',29),(2932002,2221,'UAUÁ',29),(2932101,2222,'UBAÍRA',29),(2932200,2223,'UBAITABA',29),(2932309,2224,'UBATÃ',29),(2932408,2225,'UIBAÍ',29),(2932457,2226,'UMBURANAS',29),(2932507,2227,'UNA',29),(2932606,2228,'URANDI',29),(2932705,2229,'URUÇUCA',29),(2932804,2230,'UTINGA',29),(2932903,2231,'VALENÇA',29),(2933000,2232,'VALENTE',29),(2933059,2233,'VÁRZEA DA ROÇA',29),(2933109,2234,'VÁRZEA DO POÇO',29),(2933158,2235,'VÁRZEA NOVA',29),(2933174,2236,'VARZEDO',29),(2933208,2237,'VERA CRUZ',29),(2933257,2238,'VEREDA',29),(2933307,2239,'VITÓRIA DA CONQUISTA',29),(2933406,2240,'WAGNER',29),(2933455,2241,'WANDERLEY',29),(2933505,2242,'WENCESLAU GUIMARÃES',29),(2933604,2243,'XIQUE-XIQUE',29),(3100104,2244,'ABADIA DOS DOURADOS',31),(3100203,2245,'ABAETÉ',31),(3100302,2246,'ABRE CAMPO',31),(3100401,2247,'ACAIACA',31),(3100500,2248,'AÇUCENA',31),(3100609,2249,'ÁGUA BOA',31),(3100708,2250,'ÁGUA COMPRIDA',31),(3100807,2251,'AGUANIL',31),(3100906,2252,'ÁGUAS FORMOSAS',31),(3101003,2253,'ÁGUAS VERMELHAS',31),(3101102,2254,'AIMORÉS',31),(3101201,2255,'AIURUOCA',31),(3101300,2256,'ALAGOA',31),(3101409,2257,'ALBERTINA',31),(3101508,2258,'ALÉM PARAÍBA',31),(3101607,2259,'ALFENAS',31),(3101631,2260,'ALFREDO VASCONCELOS',31),(3101706,2261,'ALMENARA',31),(3101805,2262,'ALPERCATA',31),(3101904,2263,'ALPINÓPOLIS',31),(3102001,2264,'ALTEROSA',31),(3102050,2265,'ALTO CAPARAÓ',31),(3102100,2266,'ALTO RIO DOCE',31),(3102209,2267,'ALVARENGA',31),(3102308,2268,'ALVINÓPOLIS',31),(3102407,2269,'ALVORADA DE MINAS',31),(3102506,2270,'AMPARO DO SERRA',31),(3102605,2271,'ANDRADAS',31),(3102704,2272,'CACHOEIRA DE PAJEÚ',31),(3102803,2273,'ANDRELÂNDIA',31),(3102852,2274,'ANGELÂNDIA',31),(3102902,2275,'ANTÔNIO CARLOS',31),(3103009,2276,'ANTÔNIO DIAS',31),(3103108,2277,'ANTÔNIO PRADO DE MINAS',31),(3103207,2278,'ARAÇAÍ',31),(3103306,2279,'ARACITABA',31),(3103405,2280,'ARAÇUAÍ',31),(3103504,2281,'ARAGUARI',31),(3103603,2282,'ARANTINA',31),(3103702,2283,'ARAPONGA',31),(3103751,2284,'ARAPORÃ',31),(3103801,2285,'ARAPUÁ',31),(3103900,2286,'ARAÚJOS',31),(3104007,2287,'ARAXÁ',31),(3104106,2288,'ARCEBURGO',31),(3104205,2289,'ARCOS',31),(3104304,2290,'AREADO',31),(3104403,2291,'ARGIRITA',31),(3104452,2292,'ARICANDUVA',31),(3104502,2293,'ARINOS',31),(3104601,2294,'ASTOLFO DUTRA',31),(3104700,2295,'ATALÉIA',31),(3104809,2296,'AUGUSTO DE LIMA',31),(3104908,2297,'BAEPENDI',31),(3105004,2298,'BALDIM',31),(3105103,2299,'BAMBUÍ',31),(3105202,2300,'BANDEIRA',31),(3105301,2301,'BANDEIRA DO SUL',31),(3105400,2302,'BARÃO DE COCAIS',31),(3105509,2303,'BARÃO DE MONTE ALTO',31),(3105608,2304,'BARBACENA',31),(3105707,2305,'BARRA LONGA',31),(3105905,2306,'BARROSO',31),(3106002,2307,'BELA VISTA DE MINAS',31),(3106101,2308,'BELMIRO BRAGA',31),(3106200,2309,'BELO HORIZONTE',31),(3106309,2310,'BELO ORIENTE',31),(3106408,2311,'BELO VALE',31),(3106507,2312,'BERILO',31),(3106606,2313,'BERTÓPOLIS',31),(3106655,2314,'BERIZAL',31),(3106705,2315,'BETIM',31),(3106804,2316,'BIAS FORTES',31),(3106903,2317,'BICAS',31),(3107000,2318,'BIQUINHAS',31),(3107109,2319,'BOA ESPERANÇA',31),(3107208,2320,'BOCAINA DE MINAS',31),(3107307,2321,'BOCAIÚVA',31),(3107406,2322,'BOM DESPACHO',31),(3107505,2323,'BOM JARDIM DE MINAS',31),(3107604,2324,'BOM JESUS DA PENHA',31),(3107703,2325,'BOM JESUS DO AMPARO',31),(3107802,2326,'BOM JESUS DO GALHO',31),(3107901,2327,'BOM REPOUSO',31),(3108008,2328,'BOM SUCESSO',31),(3108107,2329,'BONFIM',31),(3108206,2330,'BONFINÓPOLIS DE MINAS',31),(3108255,2331,'BONITO DE MINAS',31),(3108305,2332,'BORDA DA MATA',31),(3108404,2333,'BOTELHOS',31),(3108503,2334,'BOTUMIRIM',31),(3108552,2335,'BRASILÂNDIA DE MINAS',31),(3108602,2336,'BRASÍLIA DE MINAS',31),(3108701,2337,'BRÁS PIRES',31),(3108800,2338,'BRAÚNAS',31),(3108909,2339,'BRASÓPOLIS',31),(3109006,2340,'BRUMADINHO',31),(3109105,2341,'BUENO BRANDÃO',31),(3109204,2342,'BUENÓPOLIS',31),(3109253,2343,'BUGRE',31),(3109303,2344,'BURITIS',31),(3109402,2345,'BURITIZEIRO',31),(3109451,2346,'CABECEIRA GRANDE',31),(3109501,2347,'CABO VERDE',31),(3109600,2348,'CACHOEIRA DA PRATA',31),(3109709,2349,'CACHOEIRA DE MINAS',31),(3109808,2350,'CACHOEIRA DOURADA',31),(3109907,2351,'CAETANÓPOLIS',31),(3110004,2352,'CAETÉ',31),(3110103,2353,'CAIANA',31),(3110202,2354,'CAJURI',31),(3110301,2355,'CALDAS',31),(3110400,2356,'CAMACHO',31),(3110509,2357,'CAMANDUCAIA',31),(3110608,2358,'CAMBUÍ',31),(3110707,2359,'CAMBUQUIRA',31),(3110806,2360,'CAMPANÁRIO',31),(3110905,2361,'CAMPANHA',31),(3111002,2362,'CAMPESTRE',31),(3111101,2363,'CAMPINA VERDE',31),(3111150,2364,'CAMPO AZUL',31),(3111200,2365,'CAMPO BELO',31),(3111309,2366,'CAMPO DO MEIO',31),(3111408,2367,'CAMPO FLORIDO',31),(3111507,2368,'CAMPOS ALTOS',31),(3111606,2369,'CAMPOS GERAIS',31),(3111705,2370,'CANAÃ',31),(3111804,2371,'CANÁPOLIS',31),(3111903,2372,'CANA VERDE',31),(3112000,2373,'CANDEIAS',31),(3112059,2374,'CANTAGALO',31),(3112109,2375,'CAPARAÓ',31),(3112208,2376,'CAPELA NOVA',31),(3112307,2377,'CAPELINHA',31),(3112406,2378,'CAPETINGA',31),(3112505,2379,'CAPIM BRANCO',31),(3112604,2380,'CAPINÓPOLIS',31),(3112653,2381,'CAPITÃO ANDRADE',31),(3112703,2382,'CAPITÃO ENÉAS',31),(3112802,2383,'CAPITÓLIO',31),(3112901,2384,'CAPUTIRA',31),(3113008,2385,'CARAÍ',31),(3113107,2386,'CARANAÍBA',31),(3113206,2387,'CARANDAÍ',31),(3113305,2388,'CARANGOLA',31),(3113404,2389,'CARATINGA',31),(3113503,2390,'CARBONITA',31),(3113602,2391,'CAREAÇU',31),(3113701,2392,'CARLOS CHAGAS',31),(3113800,2393,'CARMÉSIA',31),(3113909,2394,'CARMO DA CACHOEIRA',31),(3114006,2395,'CARMO DA MATA',31),(3114105,2396,'CARMO DE MINAS',31),(3114204,2397,'CARMO DO CAJURU',31),(3114303,2398,'CARMO DO PARANAÍBA',31),(3114402,2399,'CARMO DO RIO CLARO',31),(3114501,2400,'CARMÓPOLIS DE MINAS',31),(3114550,2401,'CARNEIRINHO',31),(3114600,2402,'CARRANCAS',31),(3114709,2403,'CARVALHÓPOLIS',31),(3114808,2404,'CARVALHOS',31),(3114907,2405,'CASA GRANDE',31),(3115003,2406,'CASCALHO RICO',31),(3115102,2407,'CÁSSIA',31),(3115201,2408,'CONCEIÇÃO DA BARRA DE MINAS',31),(3115300,2409,'CATAGUASES',31),(3115359,2410,'CATAS ALTAS',31),(3115409,2411,'CATAS ALTAS DA NORUEGA',31),(3115458,2412,'CATUJI',31),(3115474,2413,'CATUTI',31),(3115508,2414,'CAXAMBU',31),(3115607,2415,'CEDRO DO ABAETÉ',31),(3115706,2416,'CENTRAL DE MINAS',31),(3115805,2417,'CENTRALINA',31),(3115904,2418,'CHÁCARA',31),(3116001,2419,'CHALÉ',31),(3116100,2420,'CHAPADA DO NORTE',31),(3116159,2421,'CHAPADA GAÚCHA',31),(3116209,2422,'CHIADOR',31),(3116308,2423,'CIPOTÂNEA',31),(3116407,2424,'CLARAVAL',31),(3116506,2425,'CLARO DOS POÇÕES',31),(3116605,2426,'CLÁUDIO',31),(3116704,2427,'COIMBRA',31),(3116803,2428,'COLUNA',31),(3116902,2429,'COMENDADOR GOMES',31),(3117009,2430,'COMERCINHO',31),(3117108,2431,'CONCEIÇÃO DA APARECIDA',31),(3117207,2432,'CONCEIÇÃO DAS PEDRAS',31),(3117306,2433,'CONCEIÇÃO DAS ALAGOAS',31),(3117405,2434,'CONCEIÇÃO DE IPANEMA',31),(3117504,2435,'CONCEIÇÃO DO MATO DENTRO',31),(3117603,2436,'CONCEIÇÃO DO PARÁ',31),(3117702,2437,'CONCEIÇÃO DO RIO VERDE',31),(3117801,2438,'CONCEIÇÃO DOS OUROS',31),(3117836,2439,'CÔNEGO MARINHO',31),(3117876,2440,'CONFINS',31),(3117900,2441,'CONGONHAL',31),(3118007,2442,'CONGONHAS',31),(3118106,2443,'CONGONHAS DO NORTE',31),(3118205,2444,'CONQUISTA',31),(3118304,2445,'CONSELHEIRO LAFAIETE',31),(3118403,2446,'CONSELHEIRO PENA',31),(3118502,2447,'CONSOLAÇÃO',31),(3118601,2448,'CONTAGEM',31),(3118700,2449,'COQUEIRAL',31),(3118809,2450,'CORAÇÃO DE JESUS',31),(3118908,2451,'CORDISBURGO',31),(3119005,2452,'CORDISLÂNDIA',31),(3119104,2453,'CORINTO',31),(3119203,2454,'COROACI',31),(3119302,2455,'COROMANDEL',31),(3119401,2456,'CORONEL FABRICIANO',31),(3119500,2457,'CORONEL MURTA',31),(3119609,2458,'CORONEL PACHECO',31),(3119708,2459,'CORONEL XAVIER CHAVES',31),(3119807,2460,'CÓRREGO DANTA',31),(3119906,2461,'CÓRREGO DO BOM JESUS',31),(3119955,2462,'CÓRREGO FUNDO',31),(3120003,2463,'CÓRREGO NOVO',31),(3120102,2464,'COUTO DE MAGALHÃES DE MINAS',31),(3120151,2465,'CRISÓLITA',31),(3120201,2466,'CRISTAIS',31),(3120300,2467,'CRISTÁLIA',31),(3120409,2468,'CRISTIANO OTONI',31),(3120508,2469,'CRISTINA',31),(3120607,2470,'CRUCILÂNDIA',31),(3120706,2471,'CRUZEIRO DA FORTALEZA',31),(3120805,2472,'CRUZÍLIA',31),(3120839,2473,'CUPARAQUE',31),(3120870,2474,'CURRAL DE DENTRO',31),(3120904,2475,'CURVELO',31),(3121001,2476,'DATAS',31),(3121100,2477,'DELFIM MOREIRA',31),(3121209,2478,'DELFINÓPOLIS',31),(3121258,2479,'DELTA',31),(3121308,2480,'DESCOBERTO',31),(3121407,2481,'DESTERRO DE ENTRE RIOS',31),(3121506,2482,'DESTERRO DO MELO',31),(3121605,2483,'DIAMANTINA',31),(3121704,2484,'DIOGO DE VASCONCELOS',31),(3121803,2485,'DIONÍSIO',31),(3121902,2486,'DIVINÉSIA',31),(3122009,2487,'DIVINO',31),(3122108,2488,'DIVINO DAS LARANJEIRAS',31),(3122207,2489,'DIVINOLÂNDIA DE MINAS',31),(3122306,2490,'DIVINÓPOLIS',31),(3122355,2491,'DIVISA ALEGRE',31),(3122405,2492,'DIVISA NOVA',31),(3122454,2493,'DIVISÓPOLIS',31),(3122470,2494,'DOM BOSCO',31),(3122504,2495,'DOM CAVATI',31),(3122603,2496,'DOM JOAQUIM',31),(3122702,2497,'DOM SILVÉRIO',31),(3122801,2498,'DOM VIÇOSO',31),(3122900,2499,'DONA EUSÉBIA',31),(3123007,2500,'DORES DE CAMPOS',31),(3123106,2501,'DORES DE GUANHÃES',31),(3123205,2502,'DORES DO INDAIÁ',31),(3123304,2503,'DORES DO TURVO',31),(3123403,2504,'DORESÓPOLIS',31),(3123502,2505,'DOURADOQUARA',31),(3123528,2506,'DURANDÉ',31),(3123601,2507,'ELÓI MENDES',31),(3123700,2508,'ENGENHEIRO CALDAS',31),(3123809,2509,'ENGENHEIRO NAVARRO',31),(3123858,2510,'ENTRE FOLHAS',31),(3123908,2511,'ENTRE RIOS DE MINAS',31),(3124005,2512,'ERVÁLIA',31),(3124104,2513,'ESMERALDAS',31),(3124203,2514,'ESPERA FELIZ',31),(3124302,2515,'ESPINOSA',31),(3124401,2516,'ESPÍRITO SANTO DO DOURADO',31),(3124500,2517,'ESTIVA',31),(3124609,2518,'ESTRELA DALVA',31),(3124708,2519,'ESTRELA DO INDAIÁ',31),(3124807,2520,'ESTRELA DO SUL',31),(3124906,2521,'EUGENÓPOLIS',31),(3125002,2522,'EWBANK DA CÂMARA',31),(3125101,2523,'EXTREMA',31),(3125200,2524,'FAMA',31),(3125309,2525,'FARIA LEMOS',31),(3125408,2526,'FELÍCIO DOS SANTOS',31),(3125507,2527,'SÃO GONÇALO DO RIO PRETO',31),(3125606,2528,'FELISBURGO',31),(3125705,2529,'FELIXLÂNDIA',31),(3125804,2530,'FERNANDES TOURINHO',31),(3125903,2531,'FERROS',31),(3125952,2532,'FERVEDOURO',31),(3126000,2533,'FLORESTAL',31),(3126109,2534,'FORMIGA',31),(3126208,2535,'FORMOSO',31),(3126307,2536,'FORTALEZA DE MINAS',31),(3126406,2537,'FORTUNA DE MINAS',31),(3126505,2538,'FRANCISCO BADARÓ',31),(3126604,2539,'FRANCISCO DUMONT',31),(3126703,2540,'FRANCISCO SÁ',31),(3126752,2541,'FRANCISCÓPOLIS',31),(3126802,2542,'FREI GASPAR',31),(3126901,2543,'FREI INOCÊNCIO',31),(3126950,2544,'FREI LAGONEGRO',31),(3127008,2545,'FRONTEIRA',31),(3127057,2546,'FRONTEIRA DOS VALES',31),(3127073,2547,'FRUTA DE LEITE',31),(3127107,2548,'FRUTAL',31),(3127206,2549,'FUNILÂNDIA',31),(3127305,2550,'GALILÉIA',31),(3127339,2551,'GAMELEIRAS',31),(3127354,2552,'GLAUCILÂNDIA',31),(3127370,2553,'GOIABEIRA',31),(3127388,2554,'GOIANÁ',31),(3127404,2555,'GONÇALVES',31),(3127503,2556,'GONZAGA',31),(3127602,2557,'GOUVEIA',31),(3127701,2558,'GOVERNADOR VALADARES',31),(3127800,2559,'GRÃO MOGOL',31),(3127909,2560,'GRUPIARA',31),(3128006,2561,'GUANHÃES',31),(3128105,2562,'GUAPÉ',31),(3128204,2563,'GUARACIABA',31),(3128253,2564,'GUARACIAMA',31),(3128303,2565,'GUARANÉSIA',31),(3128402,2566,'GUARANI',31),(3128501,2567,'GUARARÁ',31),(3128600,2568,'GUARDA-MOR',31),(3128709,2569,'GUAXUPÉ',31),(3128808,2570,'GUIDOVAL',31),(3128907,2571,'GUIMARÂNIA',31),(3129004,2572,'GUIRICEMA',31),(3129103,2573,'GURINHATÃ',31),(3129202,2574,'HELIODORA',31),(3129301,2575,'IAPU',31),(3129400,2576,'IBERTIOGA',31),(3129509,2577,'IBIÁ',31),(3129608,2578,'IBIAÍ',31),(3129657,2579,'IBIRACATU',31),(3129707,2580,'IBIRACI',31),(3129806,2581,'IBIRITÉ',31),(3129905,2582,'IBITIÚRA DE MINAS',31),(3130002,2583,'IBITURUNA',31),(3130051,2584,'ICARAÍ DE MINAS',31),(3130101,2585,'IGARAPÉ',31),(3130200,2586,'IGARATINGA',31),(3130309,2587,'IGUATAMA',31),(3130408,2588,'IJACI',31),(3130507,2589,'ILICÍNEA',31),(3130556,2590,'IMBÉ DE MINAS',31),(3130606,2591,'INCONFIDENTES',31),(3130655,2592,'INDAIABIRA',31),(3130705,2593,'INDIANÓPOLIS',31),(3130804,2594,'INGAÍ',31),(3130903,2595,'INHAPIM',31),(3131000,2596,'INHAÚMA',31),(3131109,2597,'INIMUTABA',31),(3131158,2598,'IPABA',31),(3131208,2599,'IPANEMA',31),(3131307,2600,'IPATINGA',31),(3131406,2601,'IPIAÇU',31),(3131505,2602,'IPUIÚNA',31),(3131604,2603,'IRAÍ DE MINAS',31),(3131703,2604,'ITABIRA',31),(3131802,2605,'ITABIRINHA',31),(3131901,2606,'ITABIRITO',31),(3132008,2607,'ITACAMBIRA',31),(3132107,2608,'ITACARAMBI',31),(3132206,2609,'ITAGUARA',31),(3132305,2610,'ITAIPÉ',31),(3132404,2611,'ITAJUBÁ',31),(3132503,2612,'ITAMARANDIBA',31),(3132602,2613,'ITAMARATI DE MINAS',31),(3132701,2614,'ITAMBACURI',31),(3132800,2615,'ITAMBÉ DO MATO DENTRO',31),(3132909,2616,'ITAMOGI',31),(3133006,2617,'ITAMONTE',31),(3133105,2618,'ITANHANDU',31),(3133204,2619,'ITANHOMI',31),(3133303,2620,'ITAOBIM',31),(3133402,2621,'ITAPAGIPE',31),(3133501,2622,'ITAPECERICA',31),(3133600,2623,'ITAPEVA',31),(3133709,2624,'ITATIAIUÇU',31),(3133758,2625,'ITAÚ DE MINAS',31),(3133808,2626,'ITAÚNA',31),(3133907,2627,'ITAVERAVA',31),(3134004,2628,'ITINGA',31),(3134103,2629,'ITUETA',31),(3134202,2630,'ITUIUTABA',31),(3134301,2631,'ITUMIRIM',31),(3134400,2632,'ITURAMA',31),(3134509,2633,'ITUTINGA',31),(3134608,2634,'JABOTICATUBAS',31),(3134707,2635,'JACINTO',31),(3134806,2636,'JACUÍ',31),(3134905,2637,'JACUTINGA',31),(3135001,2638,'JAGUARAÇU',31),(3135050,2639,'JAÍBA',31),(3135076,2640,'JAMPRUCA',31),(3135100,2641,'JANAÚBA',31),(3135209,2642,'JANUÁRIA',31),(3135308,2643,'JAPARAÍBA',31),(3135357,2644,'JAPONVAR',31),(3135407,2645,'JECEABA',31),(3135456,2646,'JENIPAPO DE MINAS',31),(3135506,2647,'JEQUERI',31),(3135605,2648,'JEQUITAÍ',31),(3135704,2649,'JEQUITIBÁ',31),(3135803,2650,'JEQUITINHONHA',31),(3135902,2651,'JESUÂNIA',31),(3136009,2652,'JOAÍMA',31),(3136108,2653,'JOANÉSIA',31),(3136207,2654,'JOÃO MONLEVADE',31),(3136306,2655,'JOÃO PINHEIRO',31),(3136405,2656,'JOAQUIM FELÍCIO',31),(3136504,2657,'JORDÂNIA',31),(3136520,2658,'JOSÉ GONÇALVES DE MINAS',31),(3136553,2659,'JOSÉ RAYDAN',31),(3136579,2660,'JOSENÓPOLIS',31),(3136603,2661,'NOVA UNIÃO',31),(3136652,2662,'JUATUBA',31),(3136702,2663,'JUIZ DE FORA',31),(3136801,2664,'JURAMENTO',31),(3136900,2665,'JURUAIA',31),(3136959,2666,'JUVENÍLIA',31),(3137007,2667,'LADAINHA',31),(3137106,2668,'LAGAMAR',31),(3137205,2669,'LAGOA DA PRATA',31),(3137304,2670,'LAGOA DOS PATOS',31),(3137403,2671,'LAGOA DOURADA',31),(3137502,2672,'LAGOA FORMOSA',31),(3137536,2673,'LAGOA GRANDE',31),(3137601,2674,'LAGOA SANTA',31),(3137700,2675,'LAJINHA',31),(3137809,2676,'LAMBARI',31),(3137908,2677,'LAMIM',31),(3138005,2678,'LARANJAL',31),(3138104,2679,'LASSANCE',31),(3138203,2680,'LAVRAS',31),(3138302,2681,'LEANDRO FERREIRA',31),(3138351,2682,'LEME DO PRADO',31),(3138401,2683,'LEOPOLDINA',31),(3138500,2684,'LIBERDADE',31),(3138609,2685,'LIMA DUARTE',31),(3138625,2686,'LIMEIRA DO OESTE',31),(3138658,2687,'LONTRA',31),(3138674,2688,'LUISBURGO',31),(3138682,2689,'LUISLÂNDIA',31),(3138708,2690,'LUMINÁRIAS',31),(3138807,2691,'LUZ',31),(3138906,2692,'MACHACALIS',31),(3139003,2693,'MACHADO',31),(3139102,2694,'MADRE DE DEUS DE MINAS',31),(3139201,2695,'MALACACHETA',31),(3139250,2696,'MAMONAS',31),(3139300,2697,'MANGA',31),(3139409,2698,'MANHUAÇU',31),(3139508,2699,'MANHUMIRIM',31),(3139607,2700,'MANTENA',31),(3139706,2701,'MARAVILHAS',31),(3139805,2702,'MAR DE ESPANHA',31),(3139904,2703,'MARIA DA FÉ',31),(3140001,2704,'MARIANA',31),(3140100,2705,'MARILAC',31),(3140159,2706,'MÁRIO CAMPOS',31),(3140209,2707,'MARIPÁ DE MINAS',31),(3140308,2708,'MARLIÉRIA',31),(3140407,2709,'MARMELÓPOLIS',31),(3140506,2710,'MARTINHO CAMPOS',31),(3140530,2711,'MARTINS SOARES',31),(3140555,2712,'MATA VERDE',31),(3140605,2713,'MATERLÂNDIA',31),(3140704,2714,'MATEUS LEME',31),(3140803,2715,'MATIAS BARBOSA',31),(3140852,2716,'MATIAS CARDOSO',31),(3140902,2717,'MATIPÓ',31),(3141009,2718,'MATO VERDE',31),(3141108,2719,'MATOZINHOS',31),(3141207,2720,'MATUTINA',31),(3141306,2721,'MEDEIROS',31),(3141405,2722,'MEDINA',31),(3141504,2723,'MENDES PIMENTEL',31),(3141603,2724,'MERCÊS',31),(3141702,2725,'MESQUITA',31),(3141801,2726,'MINAS NOVAS',31),(3141900,2727,'MINDURI',31),(3142007,2728,'MIRABELA',31),(3142106,2729,'MIRADOURO',31),(3142205,2730,'MIRAÍ',31),(3142254,2731,'MIRAVÂNIA',31),(3142304,2732,'MOEDA',31),(3142403,2733,'MOEMA',31),(3142502,2734,'MONJOLOS',31),(3142601,2735,'MONSENHOR PAULO',31),(3142700,2736,'MONTALVÂNIA',31),(3142809,2737,'MONTE ALEGRE DE MINAS',31),(3142908,2738,'MONTE AZUL',31),(3143005,2739,'MONTE BELO',31),(3143104,2740,'MONTE CARMELO',31),(3143153,2741,'MONTE FORMOSO',31),(3143203,2742,'MONTE SANTO DE MINAS',31),(3143302,2743,'MONTES CLAROS',31),(3143401,2744,'MONTE SIÃO',31),(3143450,2745,'MONTEZUMA',31),(3143500,2746,'MORADA NOVA DE MINAS',31),(3143609,2747,'MORRO DA GARÇA',31),(3143708,2748,'MORRO DO PILAR',31),(3143807,2749,'MUNHOZ',31),(3143906,2750,'MURIAÉ',31),(3144003,2751,'MUTUM',31),(3144102,2752,'MUZAMBINHO',31),(3144201,2753,'NACIP RAYDAN',31),(3144300,2754,'NANUQUE',31),(3144359,2755,'NAQUE',31),(3144375,2756,'NATALÂNDIA',31),(3144409,2757,'NATÉRCIA',31),(3144508,2758,'NAZARENO',31),(3144607,2759,'NEPOMUCENO',31),(3144656,2760,'NINHEIRA',31),(3144672,2761,'NOVA BELÉM',31),(3144706,2762,'NOVA ERA',31),(3144805,2763,'NOVA LIMA',31),(3144904,2764,'NOVA MÓDICA',31),(3145000,2765,'NOVA PONTE',31),(3145059,2766,'NOVA PORTEIRINHA',31),(3145109,2767,'NOVA RESENDE',31),(3145208,2768,'NOVA SERRANA',31),(3145307,2769,'NOVO CRUZEIRO',31),(3145356,2770,'NOVO ORIENTE DE MINAS',31),(3145372,2771,'NOVORIZONTE',31),(3145406,2772,'OLARIA',31),(3145455,2773,'OLHOS-DÁGUA',31),(3145505,2774,'OLÍMPIO NORONHA',31),(3145604,2775,'OLIVEIRA',31),(3145703,2776,'OLIVEIRA FORTES',31),(3145802,2777,'ONÇA DE PITANGUI',31),(3145851,2778,'ORATÓRIOS',31),(3145877,2779,'ORIZÂNIA',31),(3145901,2780,'OURO BRANCO',31),(3146008,2781,'OURO FINO',31),(3146107,2782,'OURO PRETO',31),(3146206,2783,'OURO VERDE DE MINAS',31),(3146255,2784,'PADRE CARVALHO',31),(3146305,2785,'PADRE PARAÍSO',31),(3146404,2786,'PAINEIRAS',31),(3146503,2787,'PAINS',31),(3146552,2788,'PAI PEDRO',31),(3146602,2789,'PAIVA',31),(3146701,2790,'PALMA',31),(3146750,2791,'PALMÓPOLIS',31),(3146909,2792,'PAPAGAIOS',31),(3147006,2793,'PARACATU',31),(3147105,2794,'PARÁ DE MINAS',31),(3147204,2795,'PARAGUAÇU',31),(3147303,2796,'PARAISÓPOLIS',31),(3147402,2797,'PARAOPEBA',31),(3147501,2798,'PASSABÉM',31),(3147600,2799,'PASSA QUATRO',31),(3147709,2800,'PASSA TEMPO',31),(3147808,2801,'PASSA-VINTE',31),(3147907,2802,'PASSOS',31),(3147956,2803,'PATIS',31),(3148004,2804,'PATOS DE MINAS',31),(3148103,2805,'PATROCÍNIO',31),(3148202,2806,'PATROCÍNIO DO MURIAÉ',31),(3148301,2807,'PAULA CÂNDIDO',31),(3148400,2808,'PAULISTAS',31),(3148509,2809,'PAVÃO',31),(3148608,2810,'PEÇANHA',31),(3148707,2811,'PEDRA AZUL',31),(3148756,2812,'PEDRA BONITA',31),(3148806,2813,'PEDRA DO ANTA',31),(3148905,2814,'PEDRA DO INDAIÁ',31),(3149002,2815,'PEDRA DOURADA',31),(3149101,2816,'PEDRALVA',31),(3149150,2817,'PEDRAS DE MARIA DA CRUZ',31),(3149200,2818,'PEDRINÓPOLIS',31),(3149309,2819,'PEDRO LEOPOLDO',31),(3149408,2820,'PEDRO TEIXEIRA',31),(3149507,2821,'PEQUERI',31),(3149606,2822,'PEQUI',31),(3149705,2823,'PERDIGÃO',31),(3149804,2824,'PERDIZES',31),(3149903,2825,'PERDÕES',31),(3149952,2826,'PERIQUITO',31),(3150000,2827,'PESCADOR',31),(3150109,2828,'PIAU',31),(3150158,2829,'PIEDADE DE CARATINGA',31),(3150208,2830,'PIEDADE DE PONTE NOVA',31),(3150307,2831,'PIEDADE DO RIO GRANDE',31),(3150406,2832,'PIEDADE DOS GERAIS',31),(3150505,2833,'PIMENTA',31),(3150539,2834,'PINGO-DÁGUA',31),(3150570,2835,'PINTÓPOLIS',31),(3150604,2836,'PIRACEMA',31),(3150703,2837,'PIRAJUBA',31),(3150802,2838,'PIRANGA',31),(3150901,2839,'PIRANGUÇU',31),(3151008,2840,'PIRANGUINHO',31),(3151107,2841,'PIRAPETINGA',31),(3151206,2842,'PIRAPORA',31),(3151305,2843,'PIRAÚBA',31),(3151404,2844,'PITANGUI',31),(3151503,2845,'PIUMHI',31),(3151602,2846,'PLANURA',31),(3151701,2847,'POÇO FUNDO',31),(3151800,2848,'POÇOS DE CALDAS',31),(3151909,2849,'POCRANE',31),(3152006,2850,'POMPÉU',31),(3152105,2851,'PONTE NOVA',31),(3152131,2852,'PONTO CHIQUE',31),(3152170,2853,'PONTO DOS VOLANTES',31),(3152204,2854,'PORTEIRINHA',31),(3152303,2855,'PORTO FIRME',31),(3152402,2856,'POTÉ',31),(3152501,2857,'POUSO ALEGRE',31),(3152600,2858,'POUSO ALTO',31),(3152709,2859,'PRADOS',31),(3152808,2860,'PRATA',31),(3152907,2861,'PRATÁPOLIS',31),(3153004,2862,'PRATINHA',31),(3153103,2863,'PRESIDENTE BERNARDES',31),(3153202,2864,'PRESIDENTE JUSCELINO',31),(3153301,2865,'PRESIDENTE KUBITSCHEK',31),(3153400,2866,'PRESIDENTE OLEGÁRIO',31),(3153509,2867,'ALTO JEQUITIBÁ',31),(3153608,2868,'PRUDENTE DE MORAIS',31),(3153707,2869,'QUARTEL GERAL',31),(3153806,2870,'QUELUZITO',31),(3153905,2871,'RAPOSOS',31),(3154002,2872,'RAUL SOARES',31),(3154101,2873,'RECREIO',31),(3154150,2874,'REDUTO',31),(3154200,2875,'RESENDE COSTA',31),(3154309,2876,'RESPLENDOR',31),(3154408,2877,'RESSAQUINHA',31),(3154457,2878,'RIACHINHO',31),(3154507,2879,'RIACHO DOS MACHADOS',31),(3154606,2880,'RIBEIRÃO DAS NEVES',31),(3154705,2881,'RIBEIRÃO VERMELHO',31),(3154804,2882,'RIO ACIMA',31),(3154903,2883,'RIO CASCA',31),(3155009,2884,'RIO DOCE',31),(3155108,2885,'RIO DO PRADO',31),(3155207,2886,'RIO ESPERA',31),(3155306,2887,'RIO MANSO',31),(3155405,2888,'RIO NOVO',31),(3155504,2889,'RIO PARANAÍBA',31),(3155603,2890,'RIO PARDO DE MINAS',31),(3155702,2891,'RIO PIRACICABA',31),(3155801,2892,'RIO POMBA',31),(3155900,2893,'RIO PRETO',31),(3156007,2894,'RIO VERMELHO',31),(3156106,2895,'RITÁPOLIS',31),(3156205,2896,'ROCHEDO DE MINAS',31),(3156304,2897,'RODEIRO',31),(3156403,2898,'ROMARIA',31),(3156452,2899,'ROSÁRIO DA LIMEIRA',31),(3156502,2900,'RUBELITA',31),(3156601,2901,'RUBIM',31),(3156700,2902,'SABARÁ',31),(3156809,2903,'SABINÓPOLIS',31),(3156908,2904,'SACRAMENTO',31),(3157005,2905,'SALINAS',31),(3157104,2906,'SALTO DA DIVISA',31),(3157203,2907,'SANTA BÁRBARA',31),(3157252,2908,'SANTA BÁRBARA DO LESTE',31),(3157278,2909,'SANTA BÁRBARA DO MONTE VERDE',31),(3157302,2910,'SANTA BÁRBARA DO TUGÚRIO',31),(3157336,2911,'SANTA CRUZ DE MINAS',31),(3157377,2912,'SANTA CRUZ DE SALINAS',31),(3157401,2913,'SANTA CRUZ DO ESCALVADO',31),(3157500,2914,'SANTA EFIGÊNIA DE MINAS',31),(3157609,2915,'SANTA FÉ DE MINAS',31),(3157658,2916,'SANTA HELENA DE MINAS',31),(3157708,2917,'SANTA JULIANA',31),(3157807,2918,'SANTA LUZIA',31),(3157906,2919,'SANTA MARGARIDA',31),(3158003,2920,'SANTA MARIA DE ITABIRA',31),(3158102,2921,'SANTA MARIA DO SALTO',31),(3158201,2922,'SANTA MARIA DO SUAÇUÍ',31),(3158300,2923,'SANTANA DA VARGEM',31),(3158409,2924,'SANTANA DE CATAGUASES',31),(3158508,2925,'SANTANA DE PIRAPAMA',31),(3158607,2926,'SANTANA DO DESERTO',31),(3158706,2927,'SANTANA DO GARAMBÉU',31),(3158805,2928,'SANTANA DO JACARÉ',31),(3158904,2929,'SANTANA DO MANHUAÇU',31),(3158953,2930,'SANTANA DO PARAÍSO',31),(3159001,2931,'SANTANA DO RIACHO',31),(3159100,2932,'SANTANA DOS MONTES',31),(3159209,2933,'SANTA RITA DE CALDAS',31),(3159308,2934,'SANTA RITA DE JACUTINGA',31),(3159357,2935,'SANTA RITA DE MINAS',31),(3159407,2936,'SANTA RITA DE IBITIPOCA',31),(3159506,2937,'SANTA RITA DO ITUETO',31),(3159605,2938,'SANTA RITA DO SAPUCAÍ',31),(3159704,2939,'SANTA ROSA DA SERRA',31),(3159803,2940,'SANTA VITÓRIA',31),(3159902,2941,'SANTO ANTÔNIO DO AMPARO',31),(3160009,2942,'SANTO ANTÔNIO DO AVENTUREIRO',31),(3160108,2943,'SANTO ANTÔNIO DO GRAMA',31),(3160207,2944,'SANTO ANTÔNIO DO ITAMBÉ',31),(3160306,2945,'SANTO ANTÔNIO DO JACINTO',31),(3160405,2946,'SANTO ANTÔNIO DO MONTE',31),(3160454,2947,'SANTO ANTÔNIO DO RETIRO',31),(3160504,2948,'SANTO ANTÔNIO DO RIO ABAIXO',31),(3160603,2949,'SANTO HIPÓLITO',31),(3160702,2950,'SANTOS DUMONT',31),(3160801,2951,'SÃO BENTO ABADE',31),(3160900,2952,'SÃO BRÁS DO SUAÇUÍ',31),(3160959,2953,'SÃO DOMINGOS DAS DORES',31),(3161007,2954,'SÃO DOMINGOS DO PRATA',31),(3161056,2955,'SÃO FÉLIX DE MINAS',31),(3161106,2956,'SÃO FRANCISCO',31),(3161205,2957,'SÃO FRANCISCO DE PAULA',31),(3161304,2958,'SÃO FRANCISCO DE SALES',31),(3161403,2959,'SÃO FRANCISCO DO GLÓRIA',31),(3161502,2960,'SÃO GERALDO',31),(3161601,2961,'SÃO GERALDO DA PIEDADE',31),(3161650,2962,'SÃO GERALDO DO BAIXIO',31),(3161700,2963,'SÃO GONÇALO DO ABAETÉ',31),(3161809,2964,'SÃO GONÇALO DO PARÁ',31),(3161908,2965,'SÃO GONÇALO DO RIO ABAIXO',31),(3162005,2966,'SÃO GONÇALO DO SAPUCAÍ',31),(3162104,2967,'SÃO GOTARDO',31),(3162203,2968,'SÃO JOÃO BATISTA DO GLÓRIA',31),(3162252,2969,'SÃO JOÃO DA LAGOA',31),(3162302,2970,'SÃO JOÃO DA MATA',31),(3162401,2971,'SÃO JOÃO DA PONTE',31),(3162450,2972,'SÃO JOÃO DAS MISSÕES',31),(3162500,2973,'SÃO JOÃO DEL REI',31),(3162559,2974,'SÃO JOÃO DO MANHUAÇU',31),(3162575,2975,'SÃO JOÃO DO MANTENINHA',31),(3162609,2976,'SÃO JOÃO DO ORIENTE',31),(3162658,2977,'SÃO JOÃO DO PACUÍ',31),(3162708,2978,'SÃO JOÃO DO PARAÍSO',31),(3162807,2979,'SÃO JOÃO EVANGELISTA',31),(3162906,2980,'SÃO JOÃO NEPOMUCENO',31),(3162922,2981,'SÃO JOAQUIM DE BICAS',31),(3162948,2982,'SÃO JOSÉ DA BARRA',31),(3162955,2983,'SÃO JOSÉ DA LAPA',31),(3163003,2984,'SÃO JOSÉ DA SAFIRA',31),(3163102,2985,'SÃO JOSÉ DA VARGINHA',31),(3163201,2986,'SÃO JOSÉ DO ALEGRE',31),(3163300,2987,'SÃO JOSÉ DO DIVINO',31),(3163409,2988,'SÃO JOSÉ DO GOIABAL',31),(3163508,2989,'SÃO JOSÉ DO JACURI',31),(3163607,2990,'SÃO JOSÉ DO MANTIMENTO',31),(3163706,2991,'SÃO LOURENÇO',31),(3163805,2992,'SÃO MIGUEL DO ANTA',31),(3163904,2993,'SÃO PEDRO DA UNIÃO',31),(3164001,2994,'SÃO PEDRO DOS FERROS',31),(3164100,2995,'SÃO PEDRO DO SUAÇUÍ',31),(3164209,2996,'SÃO ROMÃO',31),(3164308,2997,'SÃO ROQUE DE MINAS',31),(3164407,2998,'SÃO SEBASTIÃO DA BELA VISTA',31),(3164431,2999,'SÃO SEBASTIÃO DA VARGEM ALEGRE',31),(3164472,3000,'SÃO SEBASTIÃO DO ANTA',31),(3164506,3001,'SÃO SEBASTIÃO DO MARANHÃO',31),(3164605,3002,'SÃO SEBASTIÃO DO OESTE',31),(3164704,3003,'SÃO SEBASTIÃO DO PARAÍSO',31),(3164803,3004,'SÃO SEBASTIÃO DO RIO PRETO',31),(3164902,3005,'SÃO SEBASTIÃO DO RIO VERDE',31),(3165008,3006,'SÃO TIAGO',31),(3165107,3007,'SÃO TOMÁS DE AQUINO',31),(3165206,3008,'SÃO THOMÉ DAS LETRAS',31),(3165305,3009,'SÃO VICENTE DE MINAS',31),(3165404,3010,'SAPUCAÍ-MIRIM',31),(3165503,3011,'SARDOÁ',31),(3165537,3012,'SARZEDO',31),(3165552,3013,'SETUBINHA',31),(3165560,3014,'SEM-PEIXE',31),(3165578,3015,'SENADOR AMARAL',31),(3165602,3016,'SENADOR CORTES',31),(3165701,3017,'SENADOR FIRMINO',31),(3165800,3018,'SENADOR JOSÉ BENTO',31),(3165909,3019,'SENADOR MODESTINO GONÇALVES',31),(3166006,3020,'SENHORA DE OLIVEIRA',31),(3166105,3021,'SENHORA DO PORTO',31),(3166204,3022,'SENHORA DOS REMÉDIOS',31),(3166303,3023,'SERICITA',31),(3166402,3024,'SERITINGA',31),(3166501,3025,'SERRA AZUL DE MINAS',31),(3166600,3026,'SERRA DA SAUDADE',31),(3166709,3027,'SERRA DOS AIMORÉS',31),(3166808,3028,'SERRA DO SALITRE',31),(3166907,3029,'SERRANIA',31),(3166956,3030,'SERRANÓPOLIS DE MINAS',31),(3167004,3031,'SERRANOS',31),(3167103,3032,'SERRO',31),(3167202,3033,'SETE LAGOAS',31),(3167301,3034,'SILVEIRÂNIA',31),(3167400,3035,'SILVIANÓPOLIS',31),(3167509,3036,'SIMÃO PEREIRA',31),(3167608,3037,'SIMONÉSIA',31),(3167707,3038,'SOBRÁLIA',31),(3167806,3039,'SOLEDADE DE MINAS',31),(3167905,3040,'TABULEIRO',31),(3168002,3041,'TAIOBEIRAS',31),(3168051,3042,'TAPARUBA',31),(3168101,3043,'TAPIRA',31),(3168200,3044,'TAPIRAÍ',31),(3168309,3045,'TAQUARAÇU DE MINAS',31),(3168408,3046,'TARUMIRIM',31),(3168507,3047,'TEIXEIRAS',31),(3168606,3048,'TEÓFILO OTONI',31),(3168705,3049,'TIMÓTEO',31),(3168804,3050,'TIRADENTES',31),(3168903,3051,'TIROS',31),(3169000,3052,'TOCANTINS',31),(3169059,3053,'TOCOS DO MOJI',31),(3169109,3054,'TOLEDO',31),(3169208,3055,'TOMBOS',31),(3169307,3056,'TRÊS CORAÇÕES',31),(3169356,3057,'TRÊS MARIAS',31),(3169406,3058,'TRÊS PONTAS',31),(3169505,3059,'TUMIRITINGA',31),(3169604,3060,'TUPACIGUARA',31),(3169703,3061,'TURMALINA',31),(3169802,3062,'TURVOLÂNDIA',31),(3169901,3063,'UBÁ',31),(3170008,3064,'UBAÍ',31),(3170057,3065,'UBAPORANGA',31),(3170107,3066,'UBERABA',31),(3170206,3067,'UBERLÂNDIA',31),(3170305,3068,'UMBURATIBA',31),(3170404,3069,'UNAÍ',31),(3170438,3070,'UNIÃO DE MINAS',31),(3170479,3071,'URUANA DE MINAS',31),(3170503,3072,'URUCÂNIA',31),(3170529,3073,'URUCUIA',31),(3170578,3074,'VARGEM ALEGRE',31),(3170602,3075,'VARGEM BONITA',31),(3170651,3076,'VARGEM GRANDE DO RIO PARDO',31),(3170701,3077,'VARGINHA',31),(3170750,3078,'VARJÃO DE MINAS',31),(3170800,3079,'VÁRZEA DA PALMA',31),(3170909,3080,'VARZELÂNDIA',31),(3171006,3081,'VAZANTE',31),(3171030,3082,'VERDELÂNDIA',31),(3171071,3083,'VEREDINHA',31),(3171105,3084,'VERÍSSIMO',31),(3171154,3085,'VERMELHO NOVO',31),(3171204,3086,'VESPASIANO',31),(3171303,3087,'VIÇOSA',31),(3171402,3088,'VIEIRAS',31),(3171501,3089,'MATHIAS LOBATO',31),(3171600,3090,'VIRGEM DA LAPA',31),(3171709,3091,'VIRGÍNIA',31),(3171808,3092,'VIRGINÓPOLIS',31),(3171907,3093,'VIRGOLÂNDIA',31),(3172004,3094,'VISCONDE DO RIO BRANCO',31),(3172103,3095,'VOLTA GRANDE',31),(3172202,3096,'WENCESLAU BRAZ',31),(3200102,3097,'AFONSO CLÁUDIO',32),(3200136,3098,'ÁGUIA BRANCA',32),(3200169,3099,'ÁGUA DOCE DO NORTE',32),(3200201,3100,'ALEGRE',32),(3200300,3101,'ALFREDO CHAVES',32),(3200359,3102,'ALTO RIO NOVO',32),(3200409,3103,'ANCHIETA',32),(3200508,3104,'APIACÁ',32),(3200607,3105,'ARACRUZ',32),(3200706,3106,'ATILIO VIVACQUA',32),(3200805,3107,'BAIXO GUANDU',32),(3200904,3108,'BARRA DE SÃO FRANCISCO',32),(3201001,3109,'BOA ESPERANÇA',32),(3201100,3110,'BOM JESUS DO NORTE',32),(3201159,3111,'BREJETUBA',32),(3201209,3112,'CACHOEIRO DE ITAPEMIRIM',32),(3201308,3113,'CARIACICA',32),(3201407,3114,'CASTELO',32),(3201506,3115,'COLATINA',32),(3201605,3116,'CONCEIÇÃO DA BARRA',32),(3201704,3117,'CONCEIÇÃO DO CASTELO',32),(3201803,3118,'DIVINO DE SÃO LOURENÇO',32),(3201902,3119,'DOMINGOS MARTINS',32),(3202009,3120,'DORES DO RIO PRETO',32),(3202108,3121,'ECOPORANGA',32),(3202207,3122,'FUNDÃO',32),(3202256,3123,'GOVERNADOR LINDENBERG',32),(3202306,3124,'GUAÇUÍ',32),(3202405,3125,'GUARAPARI',32),(3202454,3126,'IBATIBA',32),(3202504,3127,'IBIRAÇU',32),(3202553,3128,'IBITIRAMA',32),(3202603,3129,'ICONHA',32),(3202652,3130,'IRUPI',32),(3202702,3131,'ITAGUAÇU',32),(3202801,3132,'ITAPEMIRIM',32),(3202900,3133,'ITARANA',32),(3203007,3134,'IÚNA',32),(3203056,3135,'JAGUARÉ',32),(3203106,3136,'JERÔNIMO MONTEIRO',32),(3203130,3137,'JOÃO NEIVA',32),(3203163,3138,'LARANJA DA TERRA',32),(3203205,3139,'LINHARES',32),(3203304,3140,'MANTENÓPOLIS',32),(3203320,3141,'MARATAÍZES',32),(3203346,3142,'MARECHAL FLORIANO',32),(3203353,3143,'MARILÂNDIA',32),(3203403,3144,'MIMOSO DO SUL',32),(3203502,3145,'MONTANHA',32),(3203601,3146,'MUCURICI',32),(3203700,3147,'MUNIZ FREIRE',32),(3203809,3148,'MUQUI',32),(3203908,3149,'NOVA VENÉCIA',32),(3204005,3150,'PANCAS',32),(3204054,3151,'PEDRO CANÁRIO',32),(3204104,3152,'PINHEIROS',32),(3204203,3153,'PIÚMA',32),(3204252,3154,'PONTO BELO',32),(3204302,3155,'PRESIDENTE KENNEDY',32),(3204351,3156,'RIO BANANAL',32),(3204401,3157,'RIO NOVO DO SUL',32),(3204500,3158,'SANTA LEOPOLDINA',32),(3204559,3159,'SANTA MARIA DE JETIBÁ',32),(3204609,3160,'SANTA TERESA',32),(3204658,3161,'SÃO DOMINGOS DO NORTE',32),(3204708,3162,'SÃO GABRIEL DA PALHA',32),(3204807,3163,'SÃO JOSÉ DO CALÇADO',32),(3204906,3164,'SÃO MATEUS',32),(3204955,3165,'SÃO ROQUE DO CANAÃ',32),(3205002,3166,'SERRA',32),(3205010,3167,'SOORETAMA',32),(3205036,3168,'VARGEM ALTA',32),(3205069,3169,'VENDA NOVA DO IMIGRANTE',32),(3205101,3170,'VIANA',32),(3205150,3171,'VILA PAVÃO',32),(3205176,3172,'VILA VALÉRIO',32),(3205200,3173,'VILA VELHA',32),(3205309,3174,'VITÓRIA',32),(3300100,3175,'ANGRA DOS REIS',33),(3300159,3176,'APERIBÉ',33),(3300209,3177,'ARARUAMA',33),(3300225,3178,'AREAL',33),(3300233,3179,'ARMAÇÃO DOS BÚZIOS',33),(3300258,3180,'ARRAIAL DO CABO',33),(3300308,3181,'BARRA DO PIRAÍ',33),(3300407,3182,'BARRA MANSA',33),(3300456,3183,'BELFORD ROXO',33),(3300506,3184,'BOM JARDIM',33),(3300605,3185,'BOM JESUS DO ITABAPOANA',33),(3300704,3186,'CABO FRIO',33),(3300803,3187,'CACHOEIRAS DE MACACU',33),(3300902,3188,'CAMBUCI',33),(3300936,3189,'CARAPEBUS',33),(3300951,3190,'COMENDADOR LEVY GASPARIAN',33),(3301009,3191,'CAMPOS DOS GOYTACAZES',33),(3301108,3192,'CANTAGALO',33),(3301157,3193,'CARDOSO MOREIRA',33),(3301207,3194,'CARMO',33),(3301306,3195,'CASIMIRO DE ABREU',33),(3301405,3196,'CONCEIÇÃO DE MACABU',33),(3301504,3197,'CORDEIRO',33),(3301603,3198,'DUAS BARRAS',33),(3301702,3199,'DUQUE DE CAXIAS',33),(3301801,3200,'ENGENHEIRO PAULO DE FRONTIN',33),(3301850,3201,'GUAPIMIRIM',33),(3301876,3202,'IGUABA GRANDE',33),(3301900,3203,'ITABORAÍ',33),(3302007,3204,'ITAGUAÍ',33),(3302056,3205,'ITALVA',33),(3302106,3206,'ITAOCARA',33),(3302205,3207,'ITAPERUNA',33),(3302254,3208,'ITATIAIA',33),(3302270,3209,'JAPERI',33),(3302304,3210,'LAJE DO MURIAÉ',33),(3302403,3211,'MACAÉ',33),(3302452,3212,'MACUCO',33),(3302502,3213,'MAGÉ',33),(3302601,3214,'MANGARATIBA',33),(3302700,3215,'MARICÁ',33),(3302809,3216,'MENDES',33),(3302858,3217,'MESQUITA',33),(3302908,3218,'MIGUEL PEREIRA',33),(3303005,3219,'MIRACEMA',33),(3303104,3220,'NATIVIDADE',33),(3303203,3221,'NILÓPOLIS',33),(3303302,3222,'NITERÓI',33),(3303401,3223,'NOVA FRIBURGO',33),(3303500,3224,'NOVA IGUAÇU',33),(3303609,3225,'PARACAMBI',33),(3303708,3226,'PARAÍBA DO SUL',33),(3303807,3227,'PARATY',33),(3303856,3228,'PATY DO ALFERES',33),(3303906,3229,'PETRÓPOLIS',33),(3303955,3230,'PINHEIRAL',33),(3304003,3231,'PIRAÍ',33),(3304102,3232,'PORCIÚNCULA',33),(3304110,3233,'PORTO REAL',33),(3304128,3234,'QUATIS',33),(3304144,3235,'QUEIMADOS',33),(3304151,3236,'QUISSAMÃ',33),(3304201,3237,'RESENDE',33),(3304300,3238,'RIO BONITO',33),(3304409,3239,'RIO CLARO',33),(3304508,3240,'RIO DAS FLORES',33),(3304524,3241,'RIO DAS OSTRAS',33),(3304557,3242,'RIO DE JANEIRO',33),(3304607,3243,'SANTA MARIA MADALENA',33),(3304706,3244,'SANTO ANTÔNIO DE PÁDUA',33),(3304755,3245,'SÃO FRANCISCO DE ITABAPOANA',33),(3304805,3246,'SÃO FIDÉLIS',33),(3304904,3247,'SÃO GONÇALO',33),(3305000,3248,'SÃO JOÃO DA BARRA',33),(3305109,3249,'SÃO JOÃO DE MERITI',33),(3305133,3250,'SÃO JOSÉ DE UBÁ',33),(3305158,3251,'SÃO JOSÉ DO VALE DO RIO PRETO',33),(3305208,3252,'SÃO PEDRO DA ALDEIA',33),(3305307,3253,'SÃO SEBASTIÃO DO ALTO',33),(3305406,3254,'SAPUCAIA',33),(3305505,3255,'SAQUAREMA',33),(3305554,3256,'SEROPÉDICA',33),(3305604,3257,'SILVA JARDIM',33),(3305703,3258,'SUMIDOURO',33),(3305752,3259,'TANGUÁ',33),(3305802,3260,'TERESÓPOLIS',33),(3305901,3261,'TRAJANO DE MORAES',33),(3306008,3262,'TRÊS RIOS',33),(3306107,3263,'VALENÇA',33),(3306156,3264,'VARRE-SAI',33),(3306206,3265,'VASSOURAS',33),(3306305,3266,'VOLTA REDONDA',33),(3500105,3267,'ADAMANTINA',35),(3500204,3268,'ADOLFO',35),(3500303,3269,'AGUAÍ',35),(3500402,3270,'ÁGUAS DA PRATA',35),(3500501,3271,'ÁGUAS DE LINDÓIA',35),(3500550,3272,'ÁGUAS DE SANTA BÁRBARA',35),(3500600,3273,'ÁGUAS DE SÃO PEDRO',35),(3500709,3274,'AGUDOS',35),(3500758,3275,'ALAMBARI',35),(3500808,3276,'ALFREDO MARCONDES',35),(3500907,3277,'ALTAIR',35),(3501004,3278,'ALTINÓPOLIS',35),(3501103,3279,'ALTO ALEGRE',35),(3501152,3280,'ALUMÍNIO',35),(3501202,3281,'ÁLVARES FLORENCE',35),(3501301,3282,'ÁLVARES MACHADO',35),(3501400,3283,'ÁLVARO DE CARVALHO',35),(3501509,3284,'ALVINLÂNDIA',35),(3501608,3285,'AMERICANA',35),(3501707,3286,'AMÉRICO BRASILIENSE',35),(3501806,3287,'AMÉRICO DE CAMPOS',35),(3501905,3288,'AMPARO',35),(3502002,3289,'ANALÂNDIA',35),(3502101,3290,'ANDRADINA',35),(3502200,3291,'ANGATUBA',35),(3502309,3292,'ANHEMBI',35),(3502408,3293,'ANHUMAS',35),(3502507,3294,'APARECIDA',35),(3502606,3295,'APARECIDA DOESTE',35),(3502705,3296,'APIAÍ',35),(3502754,3297,'ARAÇARIGUAMA',35),(3502804,3298,'ARAÇATUBA',35),(3502903,3299,'ARAÇOIABA DA SERRA',35),(3503000,3300,'ARAMINA',35),(3503109,3301,'ARANDU',35),(3503158,3302,'ARAPEÍ',35),(3503208,3303,'ARARAQUARA',35),(3503307,3304,'ARARAS',35),(3503356,3305,'ARCO-ÍRIS',35),(3503406,3306,'AREALVA',35),(3503505,3307,'AREIAS',35),(3503604,3308,'AREIÓPOLIS',35),(3503703,3309,'ARIRANHA',35),(3503802,3310,'ARTUR NOGUEIRA',35),(3503901,3311,'ARUJÁ',35),(3503950,3312,'ASPÁSIA',35),(3504008,3313,'ASSIS',35),(3504107,3314,'ATIBAIA',35),(3504206,3315,'AURIFLAMA',35),(3504305,3316,'AVAÍ',35),(3504404,3317,'AVANHANDAVA',35),(3504503,3318,'AVARÉ',35),(3504602,3319,'BADY BASSITT',35),(3504701,3320,'BALBINOS',35),(3504800,3321,'BÁLSAMO',35),(3504909,3322,'BANANAL',35),(3505005,3323,'BARÃO DE ANTONINA',35),(3505104,3324,'BARBOSA',35),(3505203,3325,'BARIRI',35),(3505302,3326,'BARRA BONITA',35),(3505351,3327,'BARRA DO CHAPÉU',35),(3505401,3328,'BARRA DO TURVO',35),(3505500,3329,'BARRETOS',35),(3505609,3330,'BARRINHA',35),(3505708,3331,'BARUERI',35),(3505807,3332,'BASTOS',35),(3505906,3333,'BATATAIS',35),(3506003,3334,'BAURU',35),(3506102,3335,'BEBEDOURO',35),(3506201,3336,'BENTO DE ABREU',35),(3506300,3337,'BERNARDINO DE CAMPOS',35),(3506359,3338,'BERTIOGA',35),(3506409,3339,'BILAC',35),(3506508,3340,'BIRIGUI',35),(3506607,3341,'BIRITIBA-MIRIM',35),(3506706,3342,'BOA ESPERANÇA DO SUL',35),(3506805,3343,'BOCAINA',35),(3506904,3344,'BOFETE',35),(3507001,3345,'BOITUVA',35),(3507100,3346,'BOM JESUS DOS PERDÕES',35),(3507159,3347,'BOM SUCESSO DE ITARARÉ',35),(3507209,3348,'BORÁ',35),(3507308,3349,'BORACÉIA',35),(3507407,3350,'BORBOREMA',35),(3507456,3351,'BOREBI',35),(3507506,3352,'BOTUCATU',35),(3507605,3353,'BRAGANÇA PAULISTA',35),(3507704,3354,'BRAÚNA',35),(3507753,3355,'BREJO ALEGRE',35),(3507803,3356,'BRODOWSKI',35),(3507902,3357,'BROTAS',35),(3508009,3358,'BURI',35),(3508108,3359,'BURITAMA',35),(3508207,3360,'BURITIZAL',35),(3508306,3361,'CABRÁLIA PAULISTA',35),(3508405,3362,'CABREÚVA',35),(3508504,3363,'CAÇAPAVA',35),(3508603,3364,'CACHOEIRA PAULISTA',35),(3508702,3365,'CACONDE',35),(3508801,3366,'CAFELÂNDIA',35),(3508900,3367,'CAIABU',35),(3509007,3368,'CAIEIRAS',35),(3509106,3369,'CAIUÁ',35),(3509205,3370,'CAJAMAR',35),(3509254,3371,'CAJATI',35),(3509304,3372,'CAJOBI',35),(3509403,3373,'CAJURU',35),(3509452,3374,'CAMPINA DO MONTE ALEGRE',35),(3509502,3375,'CAMPINAS',35),(3509601,3376,'CAMPO LIMPO PAULISTA',35),(3509700,3377,'CAMPOS DO JORDÃO',35),(3509809,3378,'CAMPOS NOVOS PAULISTA',35),(3509908,3379,'CANANÉIA',35),(3509957,3380,'CANAS',35),(3510005,3381,'CÂNDIDO MOTA',35),(3510104,3382,'CÂNDIDO RODRIGUES',35),(3510153,3383,'CANITAR',35),(3510203,3384,'CAPÃO BONITO',35),(3510302,3385,'CAPELA DO ALTO',35),(3510401,3386,'CAPIVARI',35),(3510500,3387,'CARAGUATATUBA',35),(3510609,3388,'CARAPICUÍBA',35),(3510708,3389,'CARDOSO',35),(3510807,3390,'CASA BRANCA',35),(3510906,3391,'CÁSSIA DOS COQUEIROS',35),(3511003,3392,'CASTILHO',35),(3511102,3393,'CATANDUVA',35),(3511201,3394,'CATIGUÁ',35),(3511300,3395,'CEDRAL',35),(3511409,3396,'CERQUEIRA CÉSAR',35),(3511508,3397,'CERQUILHO',35),(3511607,3398,'CESÁRIO LANGE',35),(3511706,3399,'CHARQUEADA',35),(3511904,3400,'CLEMENTINA',35),(3512001,3401,'COLINA',35),(3512100,3402,'COLÔMBIA',35),(3512209,3403,'CONCHAL',35),(3512308,3404,'CONCHAS',35),(3512407,3405,'CORDEIRÓPOLIS',35),(3512506,3406,'COROADOS',35),(3512605,3407,'CORONEL MACEDO',35),(3512704,3408,'CORUMBATAÍ',35),(3512803,3409,'COSMÓPOLIS',35),(3512902,3410,'COSMORAMA',35),(3513009,3411,'COTIA',35),(3513108,3412,'CRAVINHOS',35),(3513207,3413,'CRISTAIS PAULISTA',35),(3513306,3414,'CRUZÁLIA',35),(3513405,3415,'CRUZEIRO',35),(3513504,3416,'CUBATÃO',35),(3513603,3417,'CUNHA',35),(3513702,3418,'DESCALVADO',35),(3513801,3419,'DIADEMA',35),(3513850,3420,'DIRCE REIS',35),(3513900,3421,'DIVINOLÂNDIA',35),(3514007,3422,'DOBRADA',35),(3514106,3423,'DOIS CÓRREGOS',35),(3514205,3424,'DOLCINÓPOLIS',35),(3514304,3425,'DOURADO',35),(3514403,3426,'DRACENA',35),(3514502,3427,'DUARTINA',35),(3514601,3428,'DUMONT',35),(3514700,3429,'ECHAPORÃ',35),(3514809,3430,'ELDORADO',35),(3514908,3431,'ELIAS FAUSTO',35),(3514924,3432,'ELISIÁRIO',35),(3514957,3433,'EMBAÚBA',35),(3515004,3434,'EMBU',35),(3515103,3435,'EMBU-GUAÇU',35),(3515129,3436,'EMILIANÓPOLIS',35),(3515152,3437,'ENGENHEIRO COELHO',35),(3515186,3438,'ESPÍRITO SANTO DO PINHAL',35),(3515194,3439,'ESPÍRITO SANTO DO TURVO',35),(3515202,3440,'ESTRELA DOESTE',35),(3515301,3441,'ESTRELA DO NORTE',35),(3515350,3442,'EUCLIDES DA CUNHA PAULISTA',35),(3515400,3443,'FARTURA',35),(3515509,3444,'FERNANDÓPOLIS',35),(3515608,3445,'FERNANDO PRESTES',35),(3515657,3446,'FERNÃO',35),(3515707,3447,'FERRAZ DE VASCONCELOS',35),(3515806,3448,'FLORA RICA',35),(3515905,3449,'FLOREAL',35),(3516002,3450,'FLÓRIDA PAULISTA',35),(3516101,3451,'FLORÍNIA',35),(3516200,3452,'FRANCA',35),(3516309,3453,'FRANCISCO MORATO',35),(3516408,3454,'FRANCO DA ROCHA',35),(3516507,3455,'GABRIEL MONTEIRO',35),(3516606,3456,'GÁLIA',35),(3516705,3457,'GARÇA',35),(3516804,3458,'GASTÃO VIDIGAL',35),(3516853,3459,'GAVIÃO PEIXOTO',35),(3516903,3460,'GENERAL SALGADO',35),(3517000,3461,'GETULINA',35),(3517109,3462,'GLICÉRIO',35),(3517208,3463,'GUAIÇARA',35),(3517307,3464,'GUAIMBÊ',35),(3517406,3465,'GUAÍRA',35),(3517505,3466,'GUAPIAÇU',35),(3517604,3467,'GUAPIARA',35),(3517703,3468,'GUARÁ',35),(3517802,3469,'GUARAÇAÍ',35),(3517901,3470,'GUARACI',35),(3518008,3471,'GUARANI DOESTE',35),(3518107,3472,'GUARANTÃ',35),(3518206,3473,'GUARARAPES',35),(3518305,3474,'GUARAREMA',35),(3518404,3475,'GUARATINGUETÁ',35),(3518503,3476,'GUAREÍ',35),(3518602,3477,'GUARIBA',35),(3518701,3478,'GUARUJÁ',35),(3518800,3479,'GUARULHOS',35),(3518859,3480,'GUATAPARÁ',35),(3518909,3481,'GUZOLÂNDIA',35),(3519006,3482,'HERCULÂNDIA',35),(3519055,3483,'HOLAMBRA',35),(3519071,3484,'HORTOLÂNDIA',35),(3519105,3485,'IACANGA',35),(3519204,3486,'IACRI',35),(3519253,3487,'IARAS',35),(3519303,3488,'IBATÉ',35),(3519402,3489,'IBIRÁ',35),(3519501,3490,'IBIRAREMA',35),(3519600,3491,'IBITINGA',35),(3519709,3492,'IBIÚNA',35),(3519808,3493,'ICÉM',35),(3519907,3494,'IEPÊ',35),(3520004,3495,'IGARAÇU DO TIETÊ',35),(3520103,3496,'IGARAPAVA',35),(3520202,3497,'IGARATÁ',35),(3520301,3498,'IGUAPE',35),(3520400,3499,'ILHABELA',35),(3520426,3500,'ILHA COMPRIDA',35),(3520442,3501,'ILHA SOLTEIRA',35),(3520509,3502,'INDAIATUBA',35),(3520608,3503,'INDIANA',35),(3520707,3504,'INDIAPORÃ',35),(3520806,3505,'INÚBIA PAULISTA',35),(3520905,3506,'IPAUSSU',35),(3521002,3507,'IPERÓ',35),(3521101,3508,'IPEÚNA',35),(3521150,3509,'IPIGUÁ',35),(3521200,3510,'IPORANGA',35),(3521309,3511,'IPUÃ',35),(3521408,3512,'IRACEMÁPOLIS',35),(3521507,3513,'IRAPUÃ',35),(3521606,3514,'IRAPURU',35),(3521705,3515,'ITABERÁ',35),(3521804,3516,'ITAÍ',35),(3521903,3517,'ITAJOBI',35),(3522000,3518,'ITAJU',35),(3522109,3519,'ITANHAÉM',35),(3522158,3520,'ITAÓCA',35),(3522208,3521,'ITAPECERICA DA SERRA',35),(3522307,3522,'ITAPETININGA',35),(3522406,3523,'ITAPEVA',35),(3522505,3524,'ITAPEVI',35),(3522604,3525,'ITAPIRA',35),(3522653,3526,'ITAPIRAPUÃ PAULISTA',35),(3522703,3527,'ITÁPOLIS',35),(3522802,3528,'ITAPORANGA',35),(3522901,3529,'ITAPUÍ',35),(3523008,3530,'ITAPURA',35),(3523107,3531,'ITAQUAQUECETUBA',35),(3523206,3532,'ITARARÉ',35),(3523305,3533,'ITARIRI',35),(3523404,3534,'ITATIBA',35),(3523503,3535,'ITATINGA',35),(3523602,3536,'ITIRAPINA',35),(3523701,3537,'ITIRAPUÃ',35),(3523800,3538,'ITOBI',35),(3523909,3539,'ITU',35),(3524006,3540,'ITUPEVA',35),(3524105,3541,'ITUVERAVA',35),(3524204,3542,'JABORANDI',35),(3524303,3543,'JABOTICABAL',35),(3524402,3544,'JACAREÍ',35),(3524501,3545,'JACI',35),(3524600,3546,'JACUPIRANGA',35),(3524709,3547,'JAGUARIÚNA',35),(3524808,3548,'JALES',35),(3524907,3549,'JAMBEIRO',35),(3525003,3550,'JANDIRA',35),(3525102,3551,'JARDINÓPOLIS',35),(3525201,3552,'JARINU',35),(3525300,3553,'JAÚ',35),(3525409,3554,'JERIQUARA',35),(3525508,3555,'JOANÓPOLIS',35),(3525607,3556,'JOÃO RAMALHO',35),(3525706,3557,'JOSÉ BONIFÁCIO',35),(3525805,3558,'JÚLIO MESQUITA',35),(3525854,3559,'JUMIRIM',35),(3525904,3560,'JUNDIAÍ',35),(3526001,3561,'JUNQUEIRÓPOLIS',35),(3526100,3562,'JUQUIÁ',35),(3526209,3563,'JUQUITIBA',35),(3526308,3564,'LAGOINHA',35),(3526407,3565,'LARANJAL PAULISTA',35),(3526506,3566,'LAVÍNIA',35),(3526605,3567,'LAVRINHAS',35),(3526704,3568,'LEME',35),(3526803,3569,'LENÇÓIS PAULISTA',35),(3526902,3570,'LIMEIRA',35),(3527009,3571,'LINDÓIA',35),(3527108,3572,'LINS',35),(3527207,3573,'LORENA',35),(3527256,3574,'LOURDES',35),(3527306,3575,'LOUVEIRA',35),(3527405,3576,'LUCÉLIA',35),(3527504,3577,'LUCIANÓPOLIS',35),(3527603,3578,'LUÍS ANTÔNIO',35),(3527702,3579,'LUIZIÂNIA',35),(3527801,3580,'LUPÉRCIO',35),(3527900,3581,'LUTÉCIA',35),(3528007,3582,'MACATUBA',35),(3528106,3583,'MACAUBAL',35),(3528205,3584,'MACEDÔNIA',35),(3528304,3585,'MAGDA',35),(3528403,3586,'MAIRINQUE',35),(3528502,3587,'MAIRIPORÃ',35),(3528601,3588,'MANDURI',35),(3528700,3589,'MARABÁ PAULISTA',35),(3528809,3590,'MARACAÍ',35),(3528858,3591,'MARAPOAMA',35),(3528908,3592,'MARIÁPOLIS',35),(3529005,3593,'MARÍLIA',35),(3529104,3594,'MARINÓPOLIS',35),(3529203,3595,'MARTINÓPOLIS',35),(3529302,3596,'MATÃO',35),(3529401,3597,'MAUÁ',35),(3529500,3598,'MENDONÇA',35),(3529609,3599,'MERIDIANO',35),(3529658,3600,'MESÓPOLIS',35),(3529708,3601,'MIGUELÓPOLIS',35),(3529807,3602,'MINEIROS DO TIETÊ',35),(3529906,3603,'MIRACATU',35),(3530003,3604,'MIRA ESTRELA',35),(3530102,3605,'MIRANDÓPOLIS',35),(3530201,3606,'MIRANTE DO PARANAPANEMA',35),(3530300,3607,'MIRASSOL',35),(3530409,3608,'MIRASSOLÂNDIA',35),(3530508,3609,'MOCOCA',35),(3530607,3610,'MOGI DAS CRUZES',35),(3530706,3611,'MOGI GUAÇU',35),(3530805,3612,'MOJI MIRIM',35),(3530904,3613,'MOMBUCA',35),(3531001,3614,'MONÇÕES',35),(3531100,3615,'MONGAGUÁ',35),(3531209,3616,'MONTE ALEGRE DO SUL',35),(3531308,3617,'MONTE ALTO',35),(3531407,3618,'MONTE APRAZÍVEL',35),(3531506,3619,'MONTE AZUL PAULISTA',35),(3531605,3620,'MONTE CASTELO',35),(3531704,3621,'MONTEIRO LOBATO',35),(3531803,3622,'MONTE MOR',35),(3531902,3623,'MORRO AGUDO',35),(3532009,3624,'MORUNGABA',35),(3532058,3625,'MOTUCA',35),(3532108,3626,'MURUTINGA DO SUL',35),(3532157,3627,'NANTES',35),(3532207,3628,'NARANDIBA',35),(3532306,3629,'NATIVIDADE DA SERRA',35),(3532405,3630,'NAZARÉ PAULISTA',35),(3532504,3631,'NEVES PAULISTA',35),(3532603,3632,'NHANDEARA',35),(3532702,3633,'NIPOÃ',35),(3532801,3634,'NOVA ALIANÇA',35),(3532827,3635,'NOVA CAMPINA',35),(3532843,3636,'NOVA CANAÃ PAULISTA',35),(3532868,3637,'NOVA CASTILHO',35),(3532900,3638,'NOVA EUROPA',35),(3533007,3639,'NOVA GRANADA',35),(3533106,3640,'NOVA GUATAPORANGA',35),(3533205,3641,'NOVA INDEPENDÊNCIA',35),(3533254,3642,'NOVAIS',35),(3533304,3643,'NOVA LUZITÂNIA',35),(3533403,3644,'NOVA ODESSA',35),(3533502,3645,'NOVO HORIZONTE',35),(3533601,3646,'NUPORANGA',35),(3533700,3647,'OCAUÇU',35),(3533809,3648,'ÓLEO',35),(3533908,3649,'OLÍMPIA',35),(3534005,3650,'ONDA VERDE',35),(3534104,3651,'ORIENTE',35),(3534203,3652,'ORINDIÚVA',35),(3534302,3653,'ORLÂNDIA',35),(3534401,3654,'OSASCO',35),(3534500,3655,'OSCAR BRESSANE',35),(3534609,3656,'OSVALDO CRUZ',35),(3534708,3657,'OURINHOS',35),(3534757,3658,'OUROESTE',35),(3534807,3659,'OURO VERDE',35),(3534906,3660,'PACAEMBU',35),(3535002,3661,'PALESTINA',35),(3535101,3662,'PALMARES PAULISTA',35),(3535200,3663,'PALMEIRA DOESTE',35),(3535309,3664,'PALMITAL',35),(3535408,3665,'PANORAMA',35),(3535507,3666,'PARAGUAÇU PAULISTA',35),(3535606,3667,'PARAIBUNA',35),(3535705,3668,'PARAÍSO',35),(3535804,3669,'PARANAPANEMA',35),(3535903,3670,'PARANAPUÃ',35),(3536000,3671,'PARAPUÃ',35),(3536109,3672,'PARDINHO',35),(3536208,3673,'PARIQUERA-AÇU',35),(3536257,3674,'PARISI',35),(3536307,3675,'PATROCÍNIO PAULISTA',35),(3536406,3676,'PAULICÉIA',35),(3536505,3677,'PAULÍNIA',35),(3536570,3678,'PAULISTÂNIA',35),(3536604,3679,'PAULO DE FARIA',35),(3536703,3680,'PEDERNEIRAS',35),(3536802,3681,'PEDRA BELA',35),(3536901,3682,'PEDRANÓPOLIS',35),(3537008,3683,'PEDREGULHO',35),(3537107,3684,'PEDREIRA',35),(3537156,3685,'PEDRINHAS PAULISTA',35),(3537206,3686,'PEDRO DE TOLEDO',35),(3537305,3687,'PENÁPOLIS',35),(3537404,3688,'PEREIRA BARRETO',35),(3537503,3689,'PEREIRAS',35),(3537602,3690,'PERUÍBE',35),(3537701,3691,'PIACATU',35),(3537800,3692,'PIEDADE',35),(3537909,3693,'PILAR DO SUL',35),(3538006,3694,'PINDAMONHANGABA',35),(3538105,3695,'PINDORAMA',35),(3538204,3696,'PINHALZINHO',35),(3538303,3697,'PIQUEROBI',35),(3538501,3698,'PIQUETE',35),(3538600,3699,'PIRACAIA',35),(3538709,3700,'PIRACICABA',35),(3538808,3701,'PIRAJU',35),(3538907,3702,'PIRAJUÍ',35),(3539004,3703,'PIRANGI',35),(3539103,3704,'PIRAPORA DO BOM JESUS',35),(3539202,3705,'PIRAPOZINHO',35),(3539301,3706,'PIRASSUNUNGA',35),(3539400,3707,'PIRATININGA',35),(3539509,3708,'PITANGUEIRAS',35),(3539608,3709,'PLANALTO',35),(3539707,3710,'PLATINA',35),(3539806,3711,'POÁ',35),(3539905,3712,'POLONI',35),(3540002,3713,'POMPÉIA',35),(3540101,3714,'PONGAÍ',35),(3540200,3715,'PONTAL',35),(3540259,3716,'PONTALINDA',35),(3540309,3717,'PONTES GESTAL',35),(3540408,3718,'POPULINA',35),(3540507,3719,'PORANGABA',35),(3540606,3720,'PORTO FELIZ',35),(3540705,3721,'PORTO FERREIRA',35),(3540754,3722,'POTIM',35),(3540804,3723,'POTIRENDABA',35),(3540853,3724,'PRACINHA',35),(3540903,3725,'PRADÓPOLIS',35),(3541000,3726,'PRAIA GRANDE',35),(3541059,3727,'PRATÂNIA',35),(3541109,3728,'PRESIDENTE ALVES',35),(3541208,3729,'PRESIDENTE BERNARDES',35),(3541307,3730,'PRESIDENTE EPITÁCIO',35),(3541406,3731,'PRESIDENTE PRUDENTE',35),(3541505,3732,'PRESIDENTE VENCESLAU',35),(3541604,3733,'PROMISSÃO',35),(3541653,3734,'QUADRA',35),(3541703,3735,'QUATÁ',35),(3541802,3736,'QUEIROZ',35),(3541901,3737,'QUELUZ',35),(3542008,3738,'QUINTANA',35),(3542107,3739,'RAFARD',35),(3542206,3740,'RANCHARIA',35),(3542305,3741,'REDENÇÃO DA SERRA',35),(3542404,3742,'REGENTE FEIJÓ',35),(3542503,3743,'REGINÓPOLIS',35),(3542602,3744,'REGISTRO',35),(3542701,3745,'RESTINGA',35),(3542800,3746,'RIBEIRA',35),(3542909,3747,'RIBEIRÃO BONITO',35),(3543006,3748,'RIBEIRÃO BRANCO',35),(3543105,3749,'RIBEIRÃO CORRENTE',35),(3543204,3750,'RIBEIRÃO DO SUL',35),(3543238,3751,'RIBEIRÃO DOS ÍNDIOS',35),(3543253,3752,'RIBEIRÃO GRANDE',35),(3543303,3753,'RIBEIRÃO PIRES',35),(3543402,3754,'RIBEIRÃO PRETO',35),(3543501,3755,'RIVERSUL',35),(3543600,3756,'RIFAINA',35),(3543709,3757,'RINCÃO',35),(3543808,3758,'RINÓPOLIS',35),(3543907,3759,'RIO CLARO',35),(3544004,3760,'RIO DAS PEDRAS',35),(3544103,3761,'RIO GRANDE DA SERRA',35),(3544202,3762,'RIOLÂNDIA',35),(3544251,3763,'ROSANA',35),(3544301,3764,'ROSEIRA',35),(3544400,3765,'RUBIÁCEA',35),(3544509,3766,'RUBINÉIA',35),(3544608,3767,'SABINO',35),(3544707,3768,'SAGRES',35),(3544806,3769,'SALES',35),(3544905,3770,'SALES OLIVEIRA',35),(3545001,3771,'SALESÓPOLIS',35),(3545100,3772,'SALMOURÃO',35),(3545159,3773,'SALTINHO',35),(3545209,3774,'SALTO',35),(3545308,3775,'SALTO DE PIRAPORA',35),(3545407,3776,'SALTO GRANDE',35),(3545506,3777,'SANDOVALINA',35),(3545605,3778,'SANTA ADÉLIA',35),(3545704,3779,'SANTA ALBERTINA',35),(3545803,3780,'SANTA BÁRBARA DOESTE',35),(3546009,3781,'SANTA BRANCA',35),(3546108,3782,'SANTA CLARA DOESTE',35),(3546207,3783,'SANTA CRUZ DA CONCEIÇÃO',35),(3546256,3784,'SANTA CRUZ DA ESPERANÇA',35),(3546306,3785,'SANTA CRUZ DAS PALMEIRAS',35),(3546405,3786,'SANTA CRUZ DO RIO PARDO',35),(3546504,3787,'SANTA ERNESTINA',35),(3546603,3788,'SANTA FÉ DO SUL',35),(3546702,3789,'SANTA GERTRUDES',35),(3546801,3790,'SANTA ISABEL',35),(3546900,3791,'SANTA LÚCIA',35),(3547007,3792,'SANTA MARIA DA SERRA',35),(3547106,3793,'SANTA MERCEDES',35),(3547205,3794,'SANTANA DA PONTE PENSA',35),(3547304,3795,'SANTANA DE PARNAÍBA',35),(3547403,3796,'SANTA RITA DOESTE',35),(3547502,3797,'SANTA RITA DO PASSA QUATRO',35),(3547601,3798,'SANTA ROSA DE VITERBO',35),(3547650,3799,'SANTA SALETE',35),(3547700,3800,'SANTO ANASTÁCIO',35),(3547809,3801,'SANTO ANDRÉ',35),(3547908,3802,'SANTO ANTÔNIO DA ALEGRIA',35),(3548005,3803,'SANTO ANTÔNIO DE POSSE',35),(3548054,3804,'SANTO ANTÔNIO DO ARACANGUÁ',35),(3548104,3805,'SANTO ANTÔNIO DO JARDIM',35),(3548203,3806,'SANTO ANTÔNIO DO PINHAL',35),(3548302,3807,'SANTO EXPEDITO',35),(3548401,3808,'SANTÓPOLIS DO AGUAPEÍ',35),(3548500,3809,'SANTOS',35),(3548609,3810,'SÃO BENTO DO SAPUCAÍ',35),(3548708,3811,'SÃO BERNARDO DO CAMPO',35),(3548807,3812,'SÃO CAETANO DO SUL',35),(3548906,3813,'SÃO CARLOS',35),(3549003,3814,'SÃO FRANCISCO',35),(3549102,3815,'SÃO JOÃO DA BOA VISTA',35),(3549201,3816,'SÃO JOÃO DAS DUAS PONTES',35),(3549250,3817,'SÃO JOÃO DE IRACEMA',35),(3549300,3818,'SÃO JOÃO DO PAU DALHO',35),(3549409,3819,'SÃO JOAQUIM DA BARRA',35),(3549508,3820,'SÃO JOSÉ DA BELA VISTA',35),(3549607,3821,'SÃO JOSÉ DO BARREIRO',35),(3549706,3822,'SÃO JOSÉ DO RIO PARDO',35),(3549805,3823,'SÃO JOSÉ DO RIO PRETO',35),(3549904,3824,'SÃO JOSÉ DOS CAMPOS',35),(3549953,3825,'SÃO LOURENÇO DA SERRA',35),(3550001,3826,'SÃO LUÍS DO PARAITINGA',35),(3550100,3827,'SÃO MANUEL',35),(3550209,3828,'SÃO MIGUEL ARCANJO',35),(3550308,3829,'SÃO PAULO',35),(3550407,3830,'SÃO PEDRO',35),(3550506,3831,'SÃO PEDRO DO TURVO',35),(3550605,3832,'SÃO ROQUE',35),(3550704,3833,'SÃO SEBASTIÃO',35),(3550803,3834,'SÃO SEBASTIÃO DA GRAMA',35),(3550902,3835,'SÃO SIMÃO',35),(3551009,3836,'SÃO VICENTE',35),(3551108,3837,'SARAPUÍ',35),(3551207,3838,'SARUTAIÁ',35),(3551306,3839,'SEBASTIANÓPOLIS DO SUL',35),(3551405,3840,'SERRA AZUL',35),(3551504,3841,'SERRANA',35),(3551603,3842,'SERRA NEGRA',35),(3551702,3843,'SERTÃOZINHO',35),(3551801,3844,'SETE BARRAS',35),(3551900,3845,'SEVERÍNIA',35),(3552007,3846,'SILVEIRAS',35),(3552106,3847,'SOCORRO',35),(3552205,3848,'SOROCABA',35),(3552304,3849,'SUD MENNUCCI',35),(3552403,3850,'SUMARÉ',35),(3552502,3851,'SUZANO',35),(3552551,3852,'SUZANÁPOLIS',35),(3552601,3853,'TABAPUÃ',35),(3552700,3854,'TABATINGA',35),(3552809,3855,'TABOÃO DA SERRA',35),(3552908,3856,'TACIBA',35),(3553005,3857,'TAGUAÍ',35),(3553104,3858,'TAIAÇU',35),(3553203,3859,'TAIÚVA',35),(3553302,3860,'TAMBAÚ',35),(3553401,3861,'TANABI',35),(3553500,3862,'TAPIRAÍ',35),(3553609,3863,'TAPIRATIBA',35),(3553658,3864,'TAQUARAL',35),(3553708,3865,'TAQUARITINGA',35),(3553807,3866,'TAQUARITUBA',35),(3553856,3867,'TAQUARIVAÍ',35),(3553906,3868,'TARABAI',35),(3553955,3869,'TARUMÃ',35),(3554003,3870,'TATUÍ',35),(3554102,3871,'TAUBATÉ',35),(3554201,3872,'TEJUPÁ',35),(3554300,3873,'TEODORO SAMPAIO',35),(3554409,3874,'TERRA ROXA',35),(3554508,3875,'TIETÊ',35),(3554607,3876,'TIMBURI',35),(3554656,3877,'TORRE DE PEDRA',35),(3554706,3878,'TORRINHA',35),(3554755,3879,'TRABIJU',35),(3554805,3880,'TREMEMBÉ',35),(3554904,3881,'TRÊS FRONTEIRAS',35),(3554953,3882,'TUIUTI',35),(3555000,3883,'TUPÃ',35),(3555109,3884,'TUPI PAULISTA',35),(3555208,3885,'TURIÚBA',35),(3555307,3886,'TURMALINA',35),(3555356,3887,'UBARANA',35),(3555406,3888,'UBATUBA',35),(3555505,3889,'UBIRAJARA',35),(3555604,3890,'UCHOA',35),(3555703,3891,'UNIÃO PAULISTA',35),(3555802,3892,'URÂNIA',35),(3555901,3893,'URU',35),(3556008,3894,'URUPÊS',35),(3556107,3895,'VALENTIM GENTIL',35),(3556206,3896,'VALINHOS',35),(3556305,3897,'VALPARAÍSO',35),(3556354,3898,'VARGEM',35),(3556404,3899,'VARGEM GRANDE DO SUL',35),(3556453,3900,'VARGEM GRANDE PAULISTA',35),(3556503,3901,'VÁRZEA PAULISTA',35),(3556602,3902,'VERA CRUZ',35),(3556701,3903,'VINHEDO',35),(3556800,3904,'VIRADOURO',35),(3556909,3905,'VISTA ALEGRE DO ALTO',35),(3556958,3906,'VITÓRIA BRASIL',35),(3557006,3907,'VOTORANTIM',35),(3557105,3908,'VOTUPORANGA',35),(3557154,3909,'ZACARIAS',35),(3557204,3910,'CHAVANTES',35),(3557303,3911,'ESTIVA GERBI',35),(4100103,3912,'ABATIÁ',41),(4100202,3913,'ADRIANÓPOLIS',41),(4100301,3914,'AGUDOS DO SUL',41),(4100400,3915,'ALMIRANTE TAMANDARÉ',41),(4100459,3916,'ALTAMIRA DO PARANÁ',41),(4100509,3917,'ALTÔNIA',41),(4100608,3918,'ALTO PARANÁ',41),(4100707,3919,'ALTO PIQUIRI',41),(4100806,3920,'ALVORADA DO SUL',41),(4100905,3921,'AMAPORÃ',41),(4101002,3922,'AMPÉRE',41),(4101051,3923,'ANAHY',41),(4101101,3924,'ANDIRÁ',41),(4101150,3925,'ÂNGULO',41),(4101200,3926,'ANTONINA',41),(4101309,3927,'ANTÔNIO OLINTO',41),(4101408,3928,'APUCARANA',41),(4101507,3929,'ARAPONGAS',41),(4101606,3930,'ARAPOTI',41),(4101655,3931,'ARAPUÃ',41),(4101705,3932,'ARARUNA',41),(4101804,3933,'ARAUCÁRIA',41),(4101853,3934,'ARIRANHA DO IVAÍ',41),(4101903,3935,'ASSAÍ',41),(4102000,3936,'ASSIS CHATEAUBRIAND',41),(4102109,3937,'ASTORGA',41),(4102208,3938,'ATALAIA',41),(4102307,3939,'BALSA NOVA',41),(4102406,3940,'BANDEIRANTES',41),(4102505,3941,'BARBOSA FERRAZ',41),(4102604,3942,'BARRACÃO',41),(4102703,3943,'BARRA DO JACARÉ',41),(4102752,3944,'BELA VISTA DA CAROBA',41),(4102802,3945,'BELA VISTA DO PARAÍSO',41),(4102901,3946,'BITURUNA',41),(4103008,3947,'BOA ESPERANÇA',41),(4103024,3948,'BOA ESPERANÇA DO IGUAÇU',41),(4103040,3949,'BOA VENTURA DE SÃO ROQUE',41),(4103057,3950,'BOA VISTA DA APARECIDA',41),(4103107,3951,'BOCAIÚVA DO SUL',41),(4103156,3952,'BOM JESUS DO SUL',41),(4103206,3953,'BOM SUCESSO',41),(4103222,3954,'BOM SUCESSO DO SUL',41),(4103305,3955,'BORRAZÓPOLIS',41),(4103354,3956,'BRAGANEY',41),(4103370,3957,'BRASILÂNDIA DO SUL',41),(4103404,3958,'CAFEARA',41),(4103453,3959,'CAFELÂNDIA',41),(4103479,3960,'CAFEZAL DO SUL',41),(4103503,3961,'CALIFÓRNIA',41),(4103602,3962,'CAMBARÁ',41),(4103701,3963,'CAMBÉ',41),(4103800,3964,'CAMBIRA',41),(4103909,3965,'CAMPINA DA LAGOA',41),(4103958,3966,'CAMPINA DO SIMÃO',41),(4104006,3967,'CAMPINA GRANDE DO SUL',41),(4104055,3968,'CAMPO BONITO',41),(4104105,3969,'CAMPO DO TENENTE',41),(4104204,3970,'CAMPO LARGO',41),(4104253,3971,'CAMPO MAGRO',41),(4104303,3972,'CAMPO MOURÃO',41),(4104402,3973,'CÂNDIDO DE ABREU',41),(4104428,3974,'CANDÓI',41),(4104451,3975,'CANTAGALO',41),(4104501,3976,'CAPANEMA',41),(4104600,3977,'CAPITÃO LEÔNIDAS MARQUES',41),(4104659,3978,'CARAMBEÍ',41),(4104709,3979,'CARLÓPOLIS',41),(4104808,3980,'CASCAVEL',41),(4104907,3981,'CASTRO',41),(4105003,3982,'CATANDUVAS',41),(4105102,3983,'CENTENÁRIO DO SUL',41),(4105201,3984,'CERRO AZUL',41),(4105300,3985,'CÉU AZUL',41),(4105409,3986,'CHOPINZINHO',41),(4105508,3987,'CIANORTE',41),(4105607,3988,'CIDADE GAÚCHA',41),(4105706,3989,'CLEVELÂNDIA',41),(4105805,3990,'COLOMBO',41),(4105904,3991,'COLORADO',41),(4106001,3992,'CONGONHINHAS',41),(4106100,3993,'CONSELHEIRO MAIRINCK',41),(4106209,3994,'CONTENDA',41),(4106308,3995,'CORBÉLIA',41),(4106407,3996,'CORNÉLIO PROCÓPIO',41),(4106456,3997,'CORONEL DOMINGOS SOARES',41),(4106506,3998,'CORONEL VIVIDA',41),(4106555,3999,'CORUMBATAÍ DO SUL',41),(4106571,4000,'CRUZEIRO DO IGUAÇU',41),(4106605,4001,'CRUZEIRO DO OESTE',41),(4106704,4002,'CRUZEIRO DO SUL',41),(4106803,4003,'CRUZ MACHADO',41),(4106852,4004,'CRUZMALTINA',41),(4106902,4005,'CURITIBA',41),(4107009,4006,'CURIÚVA',41),(4107108,4007,'DIAMANTE DO NORTE',41),(4107124,4008,'DIAMANTE DO SUL',41),(4107157,4009,'DIAMANTE DOESTE',41),(4107207,4010,'DOIS VIZINHOS',41),(4107256,4011,'DOURADINA',41),(4107306,4012,'DOUTOR CAMARGO',41),(4107405,4013,'ENÉAS MARQUES',41),(4107504,4014,'ENGENHEIRO BELTRÃO',41),(4107520,4015,'ESPERANÇA NOVA',41),(4107538,4016,'ENTRE RIOS DO OESTE',41),(4107546,4017,'ESPIGÃO ALTO DO IGUAÇU',41),(4107553,4018,'FAROL',41),(4107603,4019,'FAXINAL',41),(4107652,4020,'FAZENDA RIO GRANDE',41),(4107702,4021,'FÊNIX',41),(4107736,4022,'FERNANDES PINHEIRO',41),(4107751,4023,'FIGUEIRA',41),(4107801,4024,'FLORAÍ',41),(4107850,4025,'FLOR DA SERRA DO SUL',41),(4107900,4026,'FLORESTA',41),(4108007,4027,'FLORESTÓPOLIS',41),(4108106,4028,'FLÓRIDA',41),(4108205,4029,'FORMOSA DO OESTE',41),(4108304,4030,'FOZ DO IGUAÇU',41),(4108320,4031,'FRANCISCO ALVES',41),(4108403,4032,'FRANCISCO BELTRÃO',41),(4108452,4033,'FOZ DO JORDÃO',41),(4108502,4034,'GENERAL CARNEIRO',41),(4108551,4035,'GODOY MOREIRA',41),(4108601,4036,'GOIOERÊ',41),(4108650,4037,'GOIOXIM',41),(4108700,4038,'GRANDES RIOS',41),(4108809,4039,'GUAÍRA',41),(4108908,4040,'GUAIRAÇÁ',41),(4108957,4041,'GUAMIRANGA',41),(4109005,4042,'GUAPIRAMA',41),(4109104,4043,'GUAPOREMA',41),(4109203,4044,'GUARACI',41),(4109302,4045,'GUARANIAÇU',41),(4109401,4046,'GUARAPUAVA',41),(4109500,4047,'GUARAQUEÇABA',41),(4109609,4048,'GUARATUBA',41),(4109658,4049,'HONÓRIO SERPA',41),(4109708,4050,'IBAITI',41),(4109757,4051,'IBEMA',41),(4109807,4052,'IBIPORÃ',41),(4109906,4053,'ICARAÍMA',41),(4110003,4054,'IGUARAÇU',41),(4110052,4055,'IGUATU',41),(4110078,4056,'IMBAÚ',41),(4110102,4057,'IMBITUVA',41),(4110201,4058,'INÁCIO MARTINS',41),(4110300,4059,'INAJÁ',41),(4110409,4060,'INDIANÓPOLIS',41),(4110508,4061,'IPIRANGA',41),(4110607,4062,'IPORÃ',41),(4110656,4063,'IRACEMA DO OESTE',41),(4110706,4064,'IRATI',41),(4110805,4065,'IRETAMA',41),(4110904,4066,'ITAGUAJÉ',41),(4110953,4067,'ITAIPULÂNDIA',41),(4111001,4068,'ITAMBARACÁ',41),(4111100,4069,'ITAMBÉ',41),(4111209,4070,'ITAPEJARA DOESTE',41),(4111258,4071,'ITAPERUÇU',41),(4111308,4072,'ITAÚNA DO SUL',41),(4111407,4073,'IVAÍ',41),(4111506,4074,'IVAIPORÃ',41),(4111555,4075,'IVATÉ',41),(4111605,4076,'IVATUBA',41),(4111704,4077,'JABOTI',41),(4111803,4078,'JACAREZINHO',41),(4111902,4079,'JAGUAPITÃ',41),(4112009,4080,'JAGUARIAÍVA',41),(4112108,4081,'JANDAIA DO SUL',41),(4112207,4082,'JANIÓPOLIS',41),(4112306,4083,'JAPIRA',41),(4112405,4084,'JAPURÁ',41),(4112504,4085,'JARDIM ALEGRE',41),(4112603,4086,'JARDIM OLINDA',41),(4112702,4087,'JATAIZINHO',41),(4112751,4088,'JESUÍTAS',41),(4112801,4089,'JOAQUIM TÁVORA',41),(4112900,4090,'JUNDIAÍ DO SUL',41),(4112959,4091,'JURANDA',41),(4113007,4092,'JUSSARA',41),(4113106,4093,'KALORÉ',41),(4113205,4094,'LAPA',41),(4113254,4095,'LARANJAL',41),(4113304,4096,'LARANJEIRAS DO SUL',41),(4113403,4097,'LEÓPOLIS',41),(4113429,4098,'LIDIANÓPOLIS',41),(4113452,4099,'LINDOESTE',41),(4113502,4100,'LOANDA',41),(4113601,4101,'LOBATO',41),(4113700,4102,'LONDRINA',41),(4113734,4103,'LUIZIANA',41),(4113759,4104,'LUNARDELLI',41),(4113809,4105,'LUPIONÓPOLIS',41),(4113908,4106,'MALLET',41),(4114005,4107,'MAMBORÊ',41),(4114104,4108,'MANDAGUAÇU',41),(4114203,4109,'MANDAGUARI',41),(4114302,4110,'MANDIRITUBA',41),(4114351,4111,'MANFRINÓPOLIS',41),(4114401,4112,'MANGUEIRINHA',41),(4114500,4113,'MANOEL RIBAS',41),(4114609,4114,'MARECHAL CÂNDIDO RONDON',41),(4114708,4115,'MARIA HELENA',41),(4114807,4116,'MARIALVA',41),(4114906,4117,'MARILÂNDIA DO SUL',41),(4115002,4118,'MARILENA',41),(4115101,4119,'MARILUZ',41),(4115200,4120,'MARINGÁ',41),(4115309,4121,'MARIÓPOLIS',41),(4115358,4122,'MARIPÁ',41),(4115408,4123,'MARMELEIRO',41),(4115457,4124,'MARQUINHO',41),(4115507,4125,'MARUMBI',41),(4115606,4126,'MATELÂNDIA',41),(4115705,4127,'MATINHOS',41),(4115739,4128,'MATO RICO',41),(4115754,4129,'MAUÁ DA SERRA',41),(4115804,4130,'MEDIANEIRA',41),(4115853,4131,'MERCEDES',41),(4115903,4132,'MIRADOR',41),(4116000,4133,'MIRASELVA',41),(4116059,4134,'MISSAL',41),(4116109,4135,'MOREIRA SALES',41),(4116208,4136,'MORRETES',41),(4116307,4137,'MUNHOZ DE MELO',41),(4116406,4138,'NOSSA SENHORA DAS GRAÇAS',41),(4116505,4139,'NOVA ALIANÇA DO IVAÍ',41),(4116604,4140,'NOVA AMÉRICA DA COLINA',41),(4116703,4141,'NOVA AURORA',41),(4116802,4142,'NOVA CANTU',41),(4116901,4143,'NOVA ESPERANÇA',41),(4116950,4144,'NOVA ESPERANÇA DO SUDOESTE',41),(4117008,4145,'NOVA FÁTIMA',41),(4117057,4146,'NOVA LARANJEIRAS',41),(4117107,4147,'NOVA LONDRINA',41),(4117206,4148,'NOVA OLÍMPIA',41),(4117214,4149,'NOVA SANTA BÁRBARA',41),(4117222,4150,'NOVA SANTA ROSA',41),(4117255,4151,'NOVA PRATA DO IGUAÇU',41),(4117271,4152,'NOVA TEBAS',41),(4117297,4153,'NOVO ITACOLOMI',41),(4117305,4154,'ORTIGUEIRA',41),(4117404,4155,'OURIZONA',41),(4117453,4156,'OURO VERDE DO OESTE',41),(4117503,4157,'PAIÇANDU',41),(4117602,4158,'PALMAS',41),(4117701,4159,'PALMEIRA',41),(4117800,4160,'PALMITAL',41),(4117909,4161,'PALOTINA',41),(4118006,4162,'PARAÍSO DO NORTE',41),(4118105,4163,'PARANACITY',41),(4118204,4164,'PARANAGUÁ',41),(4118303,4165,'PARANAPOEMA',41),(4118402,4166,'PARANAVAÍ',41),(4118451,4167,'PATO BRAGADO',41),(4118501,4168,'PATO BRANCO',41),(4118600,4169,'PAULA FREITAS',41),(4118709,4170,'PAULO FRONTIN',41),(4118808,4171,'PEABIRU',41),(4118857,4172,'PEROBAL',41),(4118907,4173,'PÉROLA',41),(4119004,4174,'PÉROLA DOESTE',41),(4119103,4175,'PIÊN',41),(4119152,4176,'PINHAIS',41),(4119202,4177,'PINHALÃO',41),(4119251,4178,'PINHAL DE SÃO BENTO',41),(4119301,4179,'PINHÃO',41),(4119400,4180,'PIRAÍ DO SUL',41),(4119509,4181,'PIRAQUARA',41),(4119608,4182,'PITANGA',41),(4119657,4183,'PITANGUEIRAS',41),(4119707,4184,'PLANALTINA DO PARANÁ',41),(4119806,4185,'PLANALTO',41),(4119905,4186,'PONTA GROSSA',41),(4119954,4187,'PONTAL DO PARANÁ',41),(4120002,4188,'PORECATU',41),(4120101,4189,'PORTO AMAZONAS',41),(4120150,4190,'PORTO BARREIRO',41),(4120200,4191,'PORTO RICO',41),(4120309,4192,'PORTO VITÓRIA',41),(4120333,4193,'PRADO FERREIRA',41),(4120358,4194,'PRANCHITA',41),(4120408,4195,'PRESIDENTE CASTELO BRANCO',41),(4120507,4196,'PRIMEIRO DE MAIO',41),(4120606,4197,'PRUDENTÓPOLIS',41),(4120655,4198,'QUARTO CENTENÁRIO',41),(4120705,4199,'QUATIGUÁ',41),(4120804,4200,'QUATRO BARRAS',41),(4120853,4201,'QUATRO PONTES',41),(4120903,4202,'QUEDAS DO IGUAÇU',41),(4121000,4203,'QUERÊNCIA DO NORTE',41),(4121109,4204,'QUINTA DO SOL',41),(4121208,4205,'QUITANDINHA',41),(4121257,4206,'RAMILÂNDIA',41),(4121307,4207,'RANCHO ALEGRE',41),(4121356,4208,'RANCHO ALEGRE DOESTE',41),(4121406,4209,'REALEZA',41),(4121505,4210,'REBOUÇAS',41),(4121604,4211,'RENASCENÇA',41),(4121703,4212,'RESERVA',41),(4121752,4213,'RESERVA DO IGUAÇU',41),(4121802,4214,'RIBEIRÃO CLARO',41),(4121901,4215,'RIBEIRÃO DO PINHAL',41),(4122008,4216,'RIO AZUL',41),(4122107,4217,'RIO BOM',41),(4122156,4218,'RIO BONITO DO IGUAÇU',41),(4122172,4219,'RIO BRANCO DO IVAÍ',41),(4122206,4220,'RIO BRANCO DO SUL',41),(4122305,4221,'RIO NEGRO',41),(4122404,4222,'ROLÂNDIA',41),(4122503,4223,'RONCADOR',41),(4122602,4224,'RONDON',41),(4122651,4225,'ROSÁRIO DO IVAÍ',41),(4122701,4226,'SABÁUDIA',41),(4122800,4227,'SALGADO FILHO',41),(4122909,4228,'SALTO DO ITARARÉ',41),(4123006,4229,'SALTO DO LONTRA',41),(4123105,4230,'SANTA AMÉLIA',41),(4123204,4231,'SANTA CECÍLIA DO PAVÃO',41),(4123303,4232,'SANTA CRUZ DE MONTE CASTELO',41),(4123402,4233,'SANTA FÉ',41),(4123501,4234,'SANTA HELENA',41),(4123600,4235,'SANTA INÊS',41),(4123709,4236,'SANTA ISABEL DO IVAÍ',41),(4123808,4237,'SANTA IZABEL DO OESTE',41),(4123824,4238,'SANTA LÚCIA',41),(4123857,4239,'SANTA MARIA DO OESTE',41),(4123907,4240,'SANTA MARIANA',41),(4123956,4241,'SANTA MÔNICA',41),(4124004,4242,'SANTANA DO ITARARÉ',41),(4124020,4243,'SANTA TEREZA DO OESTE',41),(4124053,4244,'SANTA TEREZINHA DE ITAIPU',41),(4124103,4245,'SANTO ANTÔNIO DA PLATINA',41),(4124202,4246,'SANTO ANTÔNIO DO CAIUÁ',41),(4124301,4247,'SANTO ANTÔNIO DO PARAÍSO',41),(4124400,4248,'SANTO ANTÔNIO DO SUDOESTE',41),(4124509,4249,'SANTO INÁCIO',41),(4124608,4250,'SÃO CARLOS DO IVAÍ',41),(4124707,4251,'SÃO JERÔNIMO DA SERRA',41),(4124806,4252,'SÃO JOÃO',41),(4124905,4253,'SÃO JOÃO DO CAIUÁ',41),(4125001,4254,'SÃO JOÃO DO IVAÍ',41),(4125100,4255,'SÃO JOÃO DO TRIUNFO',41),(4125209,4256,'SÃO JORGE DOESTE',41),(4125308,4257,'SÃO JORGE DO IVAÍ',41),(4125357,4258,'SÃO JORGE DO PATROCÍNIO',41),(4125407,4259,'SÃO JOSÉ DA BOA VISTA',41),(4125456,4260,'SÃO JOSÉ DAS PALMEIRAS',41),(4125506,4261,'SÃO JOSÉ DOS PINHAIS',41),(4125555,4262,'SÃO MANOEL DO PARANÁ',41),(4125605,4263,'SÃO MATEUS DO SUL',41),(4125704,4264,'SÃO MIGUEL DO IGUAÇU',41),(4125753,4265,'SÃO PEDRO DO IGUAÇU',41),(4125803,4266,'SÃO PEDRO DO IVAÍ',41),(4125902,4267,'SÃO PEDRO DO PARANÁ',41),(4126009,4268,'SÃO SEBASTIÃO DA AMOREIRA',41),(4126108,4269,'SÃO TOMÉ',41),(4126207,4270,'SAPOPEMA',41),(4126256,4271,'SARANDI',41),(4126272,4272,'SAUDADE DO IGUAÇU',41),(4126306,4273,'SENGÉS',41),(4126355,4274,'SERRANÓPOLIS DO IGUAÇU',41),(4126405,4275,'SERTANEJA',41),(4126504,4276,'SERTANÓPOLIS',41),(4126603,4277,'SIQUEIRA CAMPOS',41),(4126652,4278,'SULINA',41),(4126678,4279,'TAMARANA',41),(4126702,4280,'TAMBOARA',41),(4126801,4281,'TAPEJARA',41),(4126900,4282,'TAPIRA',41),(4127007,4283,'TEIXEIRA SOARES',41),(4127106,4284,'TELÊMACO BORBA',41),(4127205,4285,'TERRA BOA',41),(4127304,4286,'TERRA RICA',41),(4127403,4287,'TERRA ROXA',41),(4127502,4288,'TIBAGI',41),(4127601,4289,'TIJUCAS DO SUL',41),(4127700,4290,'TOLEDO',41),(4127809,4291,'TOMAZINA',41),(4127858,4292,'TRÊS BARRAS DO PARANÁ',41),(4127882,4293,'TUNAS DO PARANÁ',41),(4127908,4294,'TUNEIRAS DO OESTE',41),(4127957,4295,'TUPÃSSI',41),(4127965,4296,'TURVO',41),(4128005,4297,'UBIRATÃ',41),(4128104,4298,'UMUARAMA',41),(4128203,4299,'UNIÃO DA VITÓRIA',41),(4128302,4300,'UNIFLOR',41),(4128401,4301,'URAÍ',41),(4128500,4302,'WENCESLAU BRAZ',41),(4128534,4303,'VENTANIA',41),(4128559,4304,'VERA CRUZ DO OESTE',41),(4128609,4305,'VERÊ',41),(4128625,4306,'ALTO PARAÍSO',41),(4128633,4307,'DOUTOR ULYSSES',41),(4128658,4308,'VIRMOND',41),(4128708,4309,'VITORINO',41),(4128807,4310,'XAMBRÊ',41),(4200051,4311,'ABDON BATISTA',42),(4200101,4312,'ABELARDO LUZ',42),(4200200,4313,'AGROLÂNDIA',42),(4200309,4314,'AGRONÔMICA',42),(4200408,4315,'ÁGUA DOCE',42),(4200507,4316,'ÁGUAS DE CHAPECÓ',42),(4200556,4317,'ÁGUAS FRIAS',42),(4200606,4318,'ÁGUAS MORNAS',42),(4200705,4319,'ALFREDO WAGNER',42),(4200754,4320,'ALTO BELA VISTA',42),(4200804,4321,'ANCHIETA',42),(4200903,4322,'ANGELINA',42),(4201000,4323,'ANITA GARIBALDI',42),(4201109,4324,'ANITÁPOLIS',42),(4201208,4325,'ANTÔNIO CARLOS',42),(4201257,4326,'APIÚNA',42),(4201273,4327,'ARABUTÃ',42),(4201307,4328,'ARAQUARI',42),(4201406,4329,'ARARANGUÁ',42),(4201505,4330,'ARMAZÉM',42),(4201604,4331,'ARROIO TRINTA',42),(4201653,4332,'ARVOREDO',42),(4201703,4333,'ASCURRA',42),(4201802,4334,'ATALANTA',42),(4201901,4335,'AURORA',42),(4201950,4336,'BALNEÁRIO ARROIO DO SILVA',42),(4202008,4337,'BALNEÁRIO CAMBORIÚ',42),(4202057,4338,'BALNEÁRIO BARRA DO SUL',42),(4202073,4339,'BALNEÁRIO GAIVOTA',42),(4202081,4340,'BANDEIRANTE',42),(4202099,4341,'BARRA BONITA',42),(4202107,4342,'BARRA VELHA',42),(4202131,4343,'BELA VISTA DO TOLDO',42),(4202156,4344,'BELMONTE',42),(4202206,4345,'BENEDITO NOVO',42),(4202305,4346,'BIGUAÇU',42),(4202404,4347,'BLUMENAU',42),(4202438,4348,'BOCAINA DO SUL',42),(4202453,4349,'BOMBINHAS',42),(4202503,4350,'BOM JARDIM DA SERRA',42),(4202537,4351,'BOM JESUS',42),(4202578,4352,'BOM JESUS DO OESTE',42),(4202602,4353,'BOM RETIRO',42),(4202701,4354,'BOTUVERÁ',42),(4202800,4355,'BRAÇO DO NORTE',42),(4202859,4356,'BRAÇO DO TROMBUDO',42),(4202875,4357,'BRUNÓPOLIS',42),(4202909,4358,'BRUSQUE',42),(4203006,4359,'CAÇADOR',42),(4203105,4360,'CAIBI',42),(4203154,4361,'CALMON',42),(4203204,4362,'CAMBORIÚ',42),(4203253,4363,'CAPÃO ALTO',42),(4203303,4364,'CAMPO ALEGRE',42),(4203402,4365,'CAMPO BELO DO SUL',42),(4203501,4366,'CAMPO ERÊ',42),(4203600,4367,'CAMPOS NOVOS',42),(4203709,4368,'CANELINHA',42),(4203808,4369,'CANOINHAS',42),(4203907,4370,'CAPINZAL',42),(4203956,4371,'CAPIVARI DE BAIXO',42),(4204004,4372,'CATANDUVAS',42),(4204103,4373,'CAXAMBU DO SUL',42),(4204152,4374,'CELSO RAMOS',42),(4204178,4375,'CERRO NEGRO',42),(4204194,4376,'CHAPADÃO DO LAGEADO',42),(4204202,4377,'CHAPECÓ',42),(4204251,4378,'COCAL DO SUL',42),(4204301,4379,'CONCÓRDIA',42),(4204350,4380,'CORDILHEIRA ALTA',42),(4204400,4381,'CORONEL FREITAS',42),(4204459,4382,'CORONEL MARTINS',42),(4204509,4383,'CORUPÁ',42),(4204558,4384,'CORREIA PINTO',42),(4204608,4385,'CRICIÚMA',42),(4204707,4386,'CUNHA PORÃ',42),(4204756,4387,'CUNHATAÍ',42),(4204806,4388,'CURITIBANOS',42),(4204905,4389,'DESCANSO',42),(4205001,4390,'DIONÍSIO CERQUEIRA',42),(4205100,4391,'DONA EMMA',42),(4205159,4392,'DOUTOR PEDRINHO',42),(4205175,4393,'ENTRE RIOS',42),(4205191,4394,'ERMO',42),(4205209,4395,'ERVAL VELHO',42),(4205308,4396,'FAXINAL DOS GUEDES',42),(4205357,4397,'FLOR DO SERTÃO',42),(4205407,4398,'FLORIANÓPOLIS',42),(4205431,4399,'FORMOSA DO SUL',42),(4205456,4400,'FORQUILHINHA',42),(4205506,4401,'FRAIBURGO',42),(4205555,4402,'FREI ROGÉRIO',42),(4205605,4403,'GALVÃO',42),(4205704,4404,'GAROPABA',42),(4205803,4405,'GARUVA',42),(4205902,4406,'GASPAR',42),(4206009,4407,'GOVERNADOR CELSO RAMOS',42),(4206108,4408,'GRÃO PARÁ',42),(4206207,4409,'GRAVATAL',42),(4206306,4410,'GUABIRUBA',42),(4206405,4411,'GUARACIABA',42),(4206504,4412,'GUARAMIRIM',42),(4206603,4413,'GUARUJÁ DO SUL',42),(4206652,4414,'GUATAMBÚ',42),(4206702,4415,'HERVAL DOESTE',42),(4206751,4416,'IBIAM',42),(4206801,4417,'IBICARÉ',42),(4206900,4418,'IBIRAMA',42),(4207007,4419,'IÇARA',42),(4207106,4420,'ILHOTA',42),(4207205,4421,'IMARUÍ',42),(4207304,4422,'IMBITUBA',42),(4207403,4423,'IMBUIA',42),(4207502,4424,'INDAIAL',42),(4207577,4425,'IOMERÊ',42),(4207601,4426,'IPIRA',42),(4207650,4427,'IPORÃ DO OESTE',42),(4207684,4428,'IPUAÇU',42),(4207700,4429,'IPUMIRIM',42),(4207759,4430,'IRACEMINHA',42),(4207809,4431,'IRANI',42),(4207858,4432,'IRATI',42),(4207908,4433,'IRINEÓPOLIS',42),(4208005,4434,'ITÁ',42),(4208104,4435,'ITAIÓPOLIS',42),(4208203,4436,'ITAJAÍ',42),(4208302,4437,'ITAPEMA',42),(4208401,4438,'ITAPIRANGA',42),(4208450,4439,'ITAPOÁ',42),(4208500,4440,'ITUPORANGA',42),(4208609,4441,'JABORÁ',42),(4208708,4442,'JACINTO MACHADO',42),(4208807,4443,'JAGUARUNA',42),(4208906,4444,'JARAGUÁ DO SUL',42),(4208955,4445,'JARDINÓPOLIS',42),(4209003,4446,'JOAÇABA',42),(4209102,4447,'JOINVILLE',42),(4209151,4448,'JOSÉ BOITEUX',42),(4209177,4449,'JUPIÁ',42),(4209201,4450,'LACERDÓPOLIS',42),(4209300,4451,'LAGES',42),(4209409,4452,'LAGUNA',42),(4209458,4453,'LAJEADO GRANDE',42),(4209508,4454,'LAURENTINO',42),(4209607,4455,'LAURO MULLER',42),(4209706,4456,'LEBON RÉGIS',42),(4209805,4457,'LEOBERTO LEAL',42),(4209854,4458,'LINDÓIA DO SUL',42),(4209904,4459,'LONTRAS',42),(4210001,4460,'LUIZ ALVES',42),(4210035,4461,'LUZERNA',42),(4210050,4462,'MACIEIRA',42),(4210100,4463,'MAFRA',42),(4210209,4464,'MAJOR GERCINO',42),(4210308,4465,'MAJOR VIEIRA',42),(4210407,4466,'MARACAJÁ',42),(4210506,4467,'MARAVILHA',42),(4210555,4468,'MAREMA',42),(4210605,4469,'MASSARANDUBA',42),(4210704,4470,'MATOS COSTA',42),(4210803,4471,'MELEIRO',42),(4210852,4472,'MIRIM DOCE',42),(4210902,4473,'MODELO',42),(4211009,4474,'MONDAÍ',42),(4211058,4475,'MONTE CARLO',42),(4211108,4476,'MONTE CASTELO',42),(4211207,4477,'MORRO DA FUMAÇA',42),(4211256,4478,'MORRO GRANDE',42),(4211306,4479,'NAVEGANTES',42),(4211405,4480,'NOVA ERECHIM',42),(4211454,4481,'NOVA ITABERABA',42),(4211504,4482,'NOVA TRENTO',42),(4211603,4483,'NOVA VENEZA',42),(4211652,4484,'NOVO HORIZONTE',42),(4211702,4485,'ORLEANS',42),(4211751,4486,'OTACÍLIO COSTA',42),(4211801,4487,'OURO',42),(4211850,4488,'OURO VERDE',42),(4211876,4489,'PAIAL',42),(4211892,4490,'PAINEL',42),(4211900,4491,'PALHOÇA',42),(4212007,4492,'PALMA SOLA',42),(4212056,4493,'PALMEIRA',42),(4212106,4494,'PALMITOS',42),(4212205,4495,'PAPANDUVA',42),(4212239,4496,'PARAÍSO',42),(4212254,4497,'PASSO DE TORRES',42),(4212270,4498,'PASSOS MAIA',42),(4212304,4499,'PAULO LOPES',42),(4212403,4500,'PEDRAS GRANDES',42),(4212502,4501,'PENHA',42),(4212601,4502,'PERITIBA',42),(4212700,4503,'PETROLÂNDIA',42),(4212809,4504,'BALNEÁRIO PIÇARRAS',42),(4212908,4505,'PINHALZINHO',42),(4213005,4506,'PINHEIRO PRETO',42),(4213104,4507,'PIRATUBA',42),(4213153,4508,'PLANALTO ALEGRE',42),(4213203,4509,'POMERODE',42),(4213302,4510,'PONTE ALTA',42),(4213351,4511,'PONTE ALTA DO NORTE',42),(4213401,4512,'PONTE SERRADA',42),(4213500,4513,'PORTO BELO',42),(4213609,4514,'PORTO UNIÃO',42),(4213708,4515,'POUSO REDONDO',42),(4213807,4516,'PRAIA GRANDE',42),(4213906,4517,'PRESIDENTE CASTELLO BRANCO',42),(4214003,4518,'PRESIDENTE GETÚLIO',42),(4214102,4519,'PRESIDENTE NEREU',42),(4214151,4520,'PRINCESA',42),(4214201,4521,'QUILOMBO',42),(4214300,4522,'RANCHO QUEIMADO',42),(4214409,4523,'RIO DAS ANTAS',42),(4214508,4524,'RIO DO CAMPO',42),(4214607,4525,'RIO DO OESTE',42),(4214706,4526,'RIO DOS CEDROS',42),(4214805,4527,'RIO DO SUL',42),(4214904,4528,'RIO FORTUNA',42),(4215000,4529,'RIO NEGRINHO',42),(4215059,4530,'RIO RUFINO',42),(4215075,4531,'RIQUEZA',42),(4215109,4532,'RODEIO',42),(4215208,4533,'ROMELÂNDIA',42),(4215307,4534,'SALETE',42),(4215356,4535,'SALTINHO',42),(4215406,4536,'SALTO VELOSO',42),(4215455,4537,'SANGÃO',42),(4215505,4538,'SANTA CECÍLIA',42),(4215554,4539,'SANTA HELENA',42),(4215604,4540,'SANTA ROSA DE LIMA',42),(4215653,4541,'SANTA ROSA DO SUL',42),(4215679,4542,'SANTA TEREZINHA',42),(4215687,4543,'SANTA TEREZINHA DO PROGRESSO',42),(4215695,4544,'SANTIAGO DO SUL',42),(4215703,4545,'SANTO AMARO DA IMPERATRIZ',42),(4215752,4546,'SÃO BERNARDINO',42),(4215802,4547,'SÃO BENTO DO SUL',42),(4215901,4548,'SÃO BONIFÁCIO',42),(4216008,4549,'SÃO CARLOS',42),(4216057,4550,'SÃO CRISTOVÃO DO SUL',42),(4216107,4551,'SÃO DOMINGOS',42),(4216206,4552,'SÃO FRANCISCO DO SUL',42),(4216255,4553,'SÃO JOÃO DO OESTE',42),(4216305,4554,'SÃO JOÃO BATISTA',42),(4216354,4555,'SÃO JOÃO DO ITAPERIÚ',42),(4216404,4556,'SÃO JOÃO DO SUL',42),(4216503,4557,'SÃO JOAQUIM',42),(4216602,4558,'SÃO JOSÉ',42),(4216701,4559,'SÃO JOSÉ DO CEDRO',42),(4216800,4560,'SÃO JOSÉ DO CERRITO',42),(4216909,4561,'SÃO LOURENÇO DO OESTE',42),(4217006,4562,'SÃO LUDGERO',42),(4217105,4563,'SÃO MARTINHO',42),(4217154,4564,'SÃO MIGUEL DA BOA VISTA',42),(4217204,4565,'SÃO MIGUEL DO OESTE',42),(4217253,4566,'SÃO PEDRO DE ALCÂNTARA',42),(4217303,4567,'SAUDADES',42),(4217402,4568,'SCHROEDER',42),(4217501,4569,'SEARA',42),(4217550,4570,'SERRA ALTA',42),(4217600,4571,'SIDERÓPOLIS',42),(4217709,4572,'SOMBRIO',42),(4217758,4573,'SUL BRASIL',42),(4217808,4574,'TAIÓ',42),(4217907,4575,'TANGARÁ',42),(4217956,4576,'TIGRINHOS',42),(4218004,4577,'TIJUCAS',42),(4218103,4578,'TIMBÉ DO SUL',42),(4218202,4579,'TIMBÓ',42),(4218251,4580,'TIMBÓ GRANDE',42),(4218301,4581,'TRÊS BARRAS',42),(4218350,4582,'TREVISO',42),(4218400,4583,'TREZE DE MAIO',42),(4218509,4584,'TREZE TÍLIAS',42),(4218608,4585,'TROMBUDO CENTRAL',42),(4218707,4586,'TUBARÃO',42),(4218756,4587,'TUNÁPOLIS',42),(4218806,4588,'TURVO',42),(4218855,4589,'UNIÃO DO OESTE',42),(4218905,4590,'URUBICI',42),(4218954,4591,'URUPEMA',42),(4219002,4592,'URUSSANGA',42),(4219101,4593,'VARGEÃO',42),(4219150,4594,'VARGEM',42),(4219176,4595,'VARGEM BONITA',42),(4219200,4596,'VIDAL RAMOS',42),(4219309,4597,'VIDEIRA',42),(4219358,4598,'VITOR MEIRELES',42),(4219408,4599,'WITMARSUM',42),(4219507,4600,'XANXERÊ',42),(4219606,4601,'XAVANTINA',42),(4219705,4602,'XAXIM',42),(4219853,4603,'ZORTÉA',42),(4300034,4604,'ACEGUÁ',43),(4300059,4605,'ÁGUA SANTA',43),(4300109,4606,'AGUDO',43),(4300208,4607,'AJURICABA',43),(4300307,4608,'ALECRIM',43),(4300406,4609,'ALEGRETE',43),(4300455,4610,'ALEGRIA',43),(4300471,4611,'ALMIRANTE TAMANDARÉ DO SUL',43),(4300505,4612,'ALPESTRE',43),(4300554,4613,'ALTO ALEGRE',43),(4300570,4614,'ALTO FELIZ',43),(4300604,4615,'ALVORADA',43),(4300638,4616,'AMARAL FERRADOR',43),(4300646,4617,'AMETISTA DO SUL',43),(4300661,4618,'ANDRÉ DA ROCHA',43),(4300703,4619,'ANTA GORDA',43),(4300802,4620,'ANTÔNIO PRADO',43),(4300851,4621,'ARAMBARÉ',43),(4300877,4622,'ARARICÁ',43),(4300901,4623,'ARATIBA',43),(4301008,4624,'ARROIO DO MEIO',43),(4301057,4625,'ARROIO DO SAL',43),(4301073,4626,'ARROIO DO PADRE',43),(4301107,4627,'ARROIO DOS RATOS',43),(4301206,4628,'ARROIO DO TIGRE',43),(4301305,4629,'ARROIO GRANDE',43),(4301404,4630,'ARVOREZINHA',43),(4301503,4631,'AUGUSTO PESTANA',43),(4301552,4632,'ÁUREA',43),(4301602,4633,'BAGÉ',43),(4301636,4634,'BALNEÁRIO PINHAL',43),(4301651,4635,'BARÃO',43),(4301701,4636,'BARÃO DE COTEGIPE',43),(4301750,4637,'BARÃO DO TRIUNFO',43),(4301800,4638,'BARRACÃO',43),(4301859,4639,'BARRA DO GUARITA',43),(4301875,4640,'BARRA DO QUARAÍ',43),(4301909,4641,'BARRA DO RIBEIRO',43),(4301925,4642,'BARRA DO RIO AZUL',43),(4301958,4643,'BARRA FUNDA',43),(4302006,4644,'BARROS CASSAL',43),(4302055,4645,'BENJAMIN CONSTANT DO SUL',43),(4302105,4646,'BENTO GONÇALVES',43),(4302154,4647,'BOA VISTA DAS MISSÕES',43),(4302204,4648,'BOA VISTA DO BURICÁ',43),(4302220,4649,'BOA VISTA DO CADEADO',43),(4302238,4650,'BOA VISTA DO INCRA',43),(4302253,4651,'BOA VISTA DO SUL',43),(4302303,4652,'BOM JESUS',43),(4302352,4653,'BOM PRINCÍPIO',43),(4302378,4654,'BOM PROGRESSO',43),(4302402,4655,'BOM RETIRO DO SUL',43),(4302451,4656,'BOQUEIRÃO DO LEÃO',43),(4302501,4657,'BOSSOROCA',43),(4302584,4658,'BOZANO',43),(4302600,4659,'BRAGA',43),(4302659,4660,'BROCHIER',43),(4302709,4661,'BUTIÁ',43),(4302808,4662,'CAÇAPAVA DO SUL',43),(4302907,4663,'CACEQUI',43),(4303004,4664,'CACHOEIRA DO SUL',43),(4303103,4665,'CACHOEIRINHA',43),(4303202,4666,'CACIQUE DOBLE',43),(4303301,4667,'CAIBATÉ',43),(4303400,4668,'CAIÇARA',43),(4303509,4669,'CAMAQUÃ',43),(4303558,4670,'CAMARGO',43),(4303608,4671,'CAMBARÁ DO SUL',43),(4303673,4672,'CAMPESTRE DA SERRA',43),(4303707,4673,'CAMPINA DAS MISSÕES',43),(4303806,4674,'CAMPINAS DO SUL',43),(4303905,4675,'CAMPO BOM',43),(4304002,4676,'CAMPO NOVO',43),(4304101,4677,'CAMPOS BORGES',43),(4304200,4678,'CANDELÁRIA',43),(4304309,4679,'CÂNDIDO GODÓI',43),(4304358,4680,'CANDIOTA',43),(4304408,4681,'CANELA',43),(4304507,4682,'CANGUÇU',43),(4304606,4683,'CANOAS',43),(4304614,4684,'CANUDOS DO VALE',43),(4304622,4685,'CAPÃO BONITO DO SUL',43),(4304630,4686,'CAPÃO DA CANOA',43),(4304655,4687,'CAPÃO DO CIPÓ',43),(4304663,4688,'CAPÃO DO LEÃO',43),(4304671,4689,'CAPIVARI DO SUL',43),(4304689,4690,'CAPELA DE SANTANA',43),(4304697,4691,'CAPITÃO',43),(4304705,4692,'CARAZINHO',43),(4304713,4693,'CARAÁ',43),(4304804,4694,'CARLOS BARBOSA',43),(4304853,4695,'CARLOS GOMES',43),(4304903,4696,'CASCA',43),(4304952,4697,'CASEIROS',43),(4305009,4698,'CATUÍPE',43),(4305108,4699,'CAXIAS DO SUL',43),(4305116,4700,'CENTENÁRIO',43),(4305124,4701,'CERRITO',43),(4305132,4702,'CERRO BRANCO',43),(4305157,4703,'CERRO GRANDE',43),(4305173,4704,'CERRO GRANDE DO SUL',43),(4305207,4705,'CERRO LARGO',43),(4305306,4706,'CHAPADA',43),(4305355,4707,'CHARQUEADAS',43),(4305371,4708,'CHARRUA',43),(4305405,4709,'CHIAPETTA',43),(4305439,4710,'CHUÍ',43),(4305447,4711,'CHUVISCA',43),(4305454,4712,'CIDREIRA',43),(4305504,4713,'CIRÍACO',43),(4305587,4714,'COLINAS',43),(4305603,4715,'COLORADO',43),(4305702,4716,'CONDOR',43),(4305801,4717,'CONSTANTINA',43),(4305835,4718,'COQUEIRO BAIXO',43),(4305850,4719,'COQUEIROS DO SUL',43),(4305871,4720,'CORONEL BARROS',43),(4305900,4721,'CORONEL BICACO',43),(4305934,4722,'CORONEL PILAR',43),(4305959,4723,'COTIPORÃ',43),(4305975,4724,'COXILHA',43),(4306007,4725,'CRISSIUMAL',43),(4306056,4726,'CRISTAL',43),(4306072,4727,'CRISTAL DO SUL',43),(4306106,4728,'CRUZ ALTA',43),(4306130,4729,'CRUZALTENSE',43),(4306205,4730,'CRUZEIRO DO SUL',43),(4306304,4731,'DAVID CANABARRO',43),(4306320,4732,'DERRUBADAS',43),(4306353,4733,'DEZESSEIS DE NOVEMBRO',43),(4306379,4734,'DILERMANDO DE AGUIAR',43),(4306403,4735,'DOIS IRMÃOS',43),(4306429,4736,'DOIS IRMÃOS DAS MISSÕES',43),(4306452,4737,'DOIS LAJEADOS',43),(4306502,4738,'DOM FELICIANO',43),(4306551,4739,'DOM PEDRO DE ALCÂNTARA',43),(4306601,4740,'DOM PEDRITO',43),(4306700,4741,'DONA FRANCISCA',43),(4306734,4742,'DOUTOR MAURÍCIO CARDOSO',43),(4306759,4743,'DOUTOR RICARDO',43),(4306767,4744,'ELDORADO DO SUL',43),(4306809,4745,'ENCANTADO',43),(4306908,4746,'ENCRUZILHADA DO SUL',43),(4306924,4747,'ENGENHO VELHO',43),(4306932,4748,'ENTRE-IJUÍS',43),(4306957,4749,'ENTRE RIOS DO SUL',43),(4306973,4750,'EREBANGO',43),(4307005,4751,'ERECHIM',43),(4307054,4752,'ERNESTINA',43),(4307104,4753,'HERVAL',43),(4307203,4754,'ERVAL GRANDE',43),(4307302,4755,'ERVAL SECO',43),(4307401,4756,'ESMERALDA',43),(4307450,4757,'ESPERANÇA DO SUL',43),(4307500,4758,'ESPUMOSO',43),(4307559,4759,'ESTAÇÃO',43),(4307609,4760,'ESTÂNCIA VELHA',43),(4307708,4761,'ESTEIO',43),(4307807,4762,'ESTRELA',43),(4307815,4763,'ESTRELA VELHA',43),(4307831,4764,'EUGÊNIO DE CASTRO',43),(4307864,4765,'FAGUNDES VARELA',43),(4307906,4766,'FARROUPILHA',43),(4308003,4767,'FAXINAL DO SOTURNO',43),(4308052,4768,'FAXINALZINHO',43),(4308078,4769,'FAZENDA VILANOVA',43),(4308102,4770,'FELIZ',43),(4308201,4771,'FLORES DA CUNHA',43),(4308250,4772,'FLORIANO PEIXOTO',43),(4308300,4773,'FONTOURA XAVIER',43),(4308409,4774,'FORMIGUEIRO',43),(4308433,4775,'FORQUETINHA',43),(4308458,4776,'FORTALEZA DOS VALOS',43),(4308508,4777,'FREDERICO WESTPHALEN',43),(4308607,4778,'GARIBALDI',43),(4308656,4779,'GARRUCHOS',43),(4308706,4780,'GAURAMA',43),(4308805,4781,'GENERAL CÂMARA',43),(4308854,4782,'GENTIL',43),(4308904,4783,'GETÚLIO VARGAS',43),(4309001,4784,'GIRUÁ',43),(4309050,4785,'GLORINHA',43),(4309100,4786,'GRAMADO',43),(4309126,4787,'GRAMADO DOS LOUREIROS',43),(4309159,4788,'GRAMADO XAVIER',43),(4309209,4789,'GRAVATAÍ',43),(4309258,4790,'GUABIJU',43),(4309308,4791,'GUAÍBA',43),(4309407,4792,'GUAPORÉ',43),(4309506,4793,'GUARANI DAS MISSÕES',43),(4309555,4794,'HARMONIA',43),(4309571,4795,'HERVEIRAS',43),(4309605,4796,'HORIZONTINA',43),(4309654,4797,'HULHA NEGRA',43),(4309704,4798,'HUMAITÁ',43),(4309753,4799,'IBARAMA',43),(4309803,4800,'IBIAÇÁ',43),(4309902,4801,'IBIRAIARAS',43),(4309951,4802,'IBIRAPUITÃ',43),(4310009,4803,'IBIRUBÁ',43),(4310108,4804,'IGREJINHA',43),(4310207,4805,'IJUÍ',43),(4310306,4806,'ILÓPOLIS',43),(4310330,4807,'IMBÉ',43),(4310363,4808,'IMIGRANTE',43),(4310405,4809,'INDEPENDÊNCIA',43),(4310413,4810,'INHACORÁ',43),(4310439,4811,'IPÊ',43),(4310462,4812,'IPIRANGA DO SUL',43),(4310504,4813,'IRAÍ',43),(4310538,4814,'ITAARA',43),(4310553,4815,'ITACURUBI',43),(4310579,4816,'ITAPUCA',43),(4310603,4817,'ITAQUI',43),(4310652,4818,'ITATI',43),(4310702,4819,'ITATIBA DO SUL',43),(4310751,4820,'IVORÁ',43),(4310801,4821,'IVOTI',43),(4310850,4822,'JABOTICABA',43),(4310876,4823,'JACUIZINHO',43),(4310900,4824,'JACUTINGA',43),(4311007,4825,'JAGUARÃO',43),(4311106,4826,'JAGUARI',43),(4311122,4827,'JAQUIRANA',43),(4311130,4828,'JARI',43),(4311155,4829,'JÓIA',43),(4311205,4830,'JÚLIO DE CASTILHOS',43),(4311239,4831,'LAGOA BONITA DO SUL',43),(4311254,4832,'LAGOÃO',43),(4311270,4833,'LAGOA DOS TRÊS CANTOS',43),(4311304,4834,'LAGOA VERMELHA',43),(4311403,4835,'LAJEADO',43),(4311429,4836,'LAJEADO DO BUGRE',43),(4311502,4837,'LAVRAS DO SUL',43),(4311601,4838,'LIBERATO SALZANO',43),(4311627,4839,'LINDOLFO COLLOR',43),(4311643,4840,'LINHA NOVA',43),(4311700,4841,'MACHADINHO',43),(4311718,4842,'MAÇAMBARÁ',43),(4311734,4843,'MAMPITUBA',43),(4311759,4844,'MANOEL VIANA',43),(4311775,4845,'MAQUINÉ',43),(4311791,4846,'MARATÁ',43),(4311809,4847,'MARAU',43),(4311908,4848,'MARCELINO RAMOS',43),(4311981,4849,'MARIANA PIMENTEL',43),(4312005,4850,'MARIANO MORO',43),(4312054,4851,'MARQUES DE SOUZA',43),(4312104,4852,'MATA',43),(4312138,4853,'MATO CASTELHANO',43),(4312153,4854,'MATO LEITÃO',43),(4312179,4855,'MATO QUEIMADO',43),(4312203,4856,'MAXIMILIANO DE ALMEIDA',43),(4312252,4857,'MINAS DO LEÃO',43),(4312302,4858,'MIRAGUAÍ',43),(4312351,4859,'MONTAURI',43),(4312377,4860,'MONTE ALEGRE DOS CAMPOS',43),(4312385,4861,'MONTE BELO DO SUL',43),(4312401,4862,'MONTENEGRO',43),(4312427,4863,'MORMAÇO',43),(4312443,4864,'MORRINHOS DO SUL',43),(4312450,4865,'MORRO REDONDO',43),(4312476,4866,'MORRO REUTER',43),(4312500,4867,'MOSTARDAS',43),(4312609,4868,'MUÇUM',43),(4312617,4869,'MUITOS CAPÕES',43),(4312625,4870,'MULITERNO',43),(4312658,4871,'NÃO-ME-TOQUE',43),(4312674,4872,'NICOLAU VERGUEIRO',43),(4312708,4873,'NONOAI',43),(4312757,4874,'NOVA ALVORADA',43),(4312807,4875,'NOVA ARAÇÁ',43),(4312906,4876,'NOVA BASSANO',43),(4312955,4877,'NOVA BOA VISTA',43),(4313003,4878,'NOVA BRÉSCIA',43),(4313011,4879,'NOVA CANDELÁRIA',43),(4313037,4880,'NOVA ESPERANÇA DO SUL',43),(4313060,4881,'NOVA HARTZ',43),(4313086,4882,'NOVA PÁDUA',43),(4313102,4883,'NOVA PALMA',43),(4313201,4884,'NOVA PETRÓPOLIS',43),(4313300,4885,'NOVA PRATA',43),(4313334,4886,'NOVA RAMADA',43),(4313359,4887,'NOVA ROMA DO SUL',43),(4313375,4888,'NOVA SANTA RITA',43),(4313391,4889,'NOVO CABRAIS',43),(4313409,4890,'NOVO HAMBURGO',43),(4313425,4891,'NOVO MACHADO',43),(4313441,4892,'NOVO TIRADENTES',43),(4313466,4893,'NOVO XINGU',43),(4313490,4894,'NOVO BARREIRO',43),(4313508,4895,'OSÓRIO',43),(4313607,4896,'PAIM FILHO',43),(4313656,4897,'PALMARES DO SUL',43),(4313706,4898,'PALMEIRA DAS MISSÕES',43),(4313805,4899,'PALMITINHO',43),(4313904,4900,'PANAMBI',43),(4313953,4901,'PANTANO GRANDE',43),(4314001,4902,'PARAÍ',43),(4314027,4903,'PARAÍSO DO SUL',43),(4314035,4904,'PARECI NOVO',43),(4314050,4905,'PAROBÉ',43),(4314068,4906,'PASSA SETE',43),(4314076,4907,'PASSO DO SOBRADO',43),(4314100,4908,'PASSO FUNDO',43),(4314134,4909,'PAULO BENTO',43),(4314159,4910,'PAVERAMA',43),(4314175,4911,'PEDRAS ALTAS',43),(4314209,4912,'PEDRO OSÓRIO',43),(4314308,4913,'PEJUÇARA',43),(4314407,4914,'PELOTAS',43),(4314423,4915,'PICADA CAFÉ',43),(4314456,4916,'PINHAL',43),(4314464,4917,'PINHAL DA SERRA',43),(4314472,4918,'PINHAL GRANDE',43),(4314498,4919,'PINHEIRINHO DO VALE',43),(4314506,4920,'PINHEIRO MACHADO',43),(4314555,4921,'PIRAPÓ',43),(4314605,4922,'PIRATINI',43),(4314704,4923,'PLANALTO',43),(4314753,4924,'POÇO DAS ANTAS',43),(4314779,4925,'PONTÃO',43),(4314787,4926,'PONTE PRETA',43),(4314803,4927,'PORTÃO',43),(4314902,4928,'PORTO ALEGRE',43),(4315008,4929,'PORTO LUCENA',43),(4315057,4930,'PORTO MAUÁ',43),(4315073,4931,'PORTO VERA CRUZ',43),(4315107,4932,'PORTO XAVIER',43),(4315131,4933,'POUSO NOVO',43),(4315149,4934,'PRESIDENTE LUCENA',43),(4315156,4935,'PROGRESSO',43),(4315172,4936,'PROTÁSIO ALVES',43),(4315206,4937,'PUTINGA',43),(4315305,4938,'QUARAÍ',43),(4315313,4939,'QUATRO IRMÃOS',43),(4315321,4940,'QUEVEDOS',43),(4315354,4941,'QUINZE DE NOVEMBRO',43),(4315404,4942,'REDENTORA',43),(4315453,4943,'RELVADO',43),(4315503,4944,'RESTINGA SECA',43),(4315552,4945,'RIO DOS ÍNDIOS',43),(4315602,4946,'RIO GRANDE',43),(4315701,4947,'RIO PARDO',43),(4315750,4948,'RIOZINHO',43),(4315800,4949,'ROCA SALES',43),(4315909,4950,'RODEIO BONITO',43),(4315958,4951,'ROLADOR',43),(4316006,4952,'ROLANTE',43),(4316105,4953,'RONDA ALTA',43),(4316204,4954,'RONDINHA',43),(4316303,4955,'ROQUE GONZALES',43),(4316402,4956,'ROSÁRIO DO SUL',43),(4316428,4957,'SAGRADA FAMÍLIA',43),(4316436,4958,'SALDANHA MARINHO',43),(4316451,4959,'SALTO DO JACUÍ',43),(4316477,4960,'SALVADOR DAS MISSÕES',43),(4316501,4961,'SALVADOR DO SUL',43),(4316600,4962,'SANANDUVA',43),(4316709,4963,'SANTA BÁRBARA DO SUL',43),(4316733,4964,'SANTA CECÍLIA DO SUL',43),(4316758,4965,'SANTA CLARA DO SUL',43),(4316808,4966,'SANTA CRUZ DO SUL',43),(4316907,4967,'SANTA MARIA',43),(4316956,4968,'SANTA MARIA DO HERVAL',43),(4316972,4969,'SANTA MARGARIDA DO SUL',43),(4317004,4970,'SANTANA DA BOA VISTA',43),(4317103,4971,'SANTANA DO LIVRAMENTO',43),(4317202,4972,'SANTA ROSA',43),(4317251,4973,'SANTA TEREZA',43),(4317301,4974,'SANTA VITÓRIA DO PALMAR',43),(4317400,4975,'SANTIAGO',43),(4317509,4976,'SANTO ÂNGELO',43),(4317558,4977,'SANTO ANTÔNIO DO PALMA',43),(4317608,4978,'SANTO ANTÔNIO DA PATRULHA',43),(4317707,4979,'SANTO ANTÔNIO DAS MISSÕES',43),(4317756,4980,'SANTO ANTÔNIO DO PLANALTO',43),(4317806,4981,'SANTO AUGUSTO',43),(4317905,4982,'SANTO CRISTO',43),(4317954,4983,'SANTO EXPEDITO DO SUL',43),(4318002,4984,'SÃO BORJA',43),(4318051,4985,'SÃO DOMINGOS DO SUL',43),(4318101,4986,'SÃO FRANCISCO DE ASSIS',43),(4318200,4987,'SÃO FRANCISCO DE PAULA',43),(4318309,4988,'SÃO GABRIEL',43),(4318408,4989,'SÃO JERÔNIMO',43),(4318424,4990,'SÃO JOÃO DA URTIGA',43),(4318432,4991,'SÃO JOÃO DO POLÊSINE',43),(4318440,4992,'SÃO JORGE',43),(4318457,4993,'SÃO JOSÉ DAS MISSÕES',43),(4318465,4994,'SÃO JOSÉ DO HERVAL',43),(4318481,4995,'SÃO JOSÉ DO HORTÊNCIO',43),(4318499,4996,'SÃO JOSÉ DO INHACORÁ',43),(4318507,4997,'SÃO JOSÉ DO NORTE',43),(4318606,4998,'SÃO JOSÉ DO OURO',43),(4318614,4999,'SÃO JOSÉ DO SUL',43),(4318622,5000,'SÃO JOSÉ DOS AUSENTES',43),(4318705,5001,'SÃO LEOPOLDO',43),(4318804,5002,'SÃO LOURENÇO DO SUL',43),(4318903,5003,'SÃO LUIZ GONZAGA',43),(4319000,5004,'SÃO MARCOS',43),(4319109,5005,'SÃO MARTINHO',43),(4319125,5006,'SÃO MARTINHO DA SERRA',43),(4319158,5007,'SÃO MIGUEL DAS MISSÕES',43),(4319208,5008,'SÃO NICOLAU',43),(4319307,5009,'SÃO PAULO DAS MISSÕES',43),(4319356,5010,'SÃO PEDRO DA SERRA',43),(4319364,5011,'SÃO PEDRO DAS MISSÕES',43),(4319372,5012,'SÃO PEDRO DO BUTIÁ',43),(4319406,5013,'SÃO PEDRO DO SUL',43),(4319505,5014,'SÃO SEBASTIÃO DO CAÍ',43),(4319604,5015,'SÃO SEPÉ',43),(4319703,5016,'SÃO VALENTIM',43),(4319711,5017,'SÃO VALENTIM DO SUL',43),(4319737,5018,'SÃO VALÉRIO DO SUL',43),(4319752,5019,'SÃO VENDELINO',43),(4319802,5020,'SÃO VICENTE DO SUL',43),(4319901,5021,'SAPIRANGA',43),(4320008,5022,'SAPUCAIA DO SUL',43),(4320107,5023,'SARANDI',43),(4320206,5024,'SEBERI',43),(4320230,5025,'SEDE NOVA',43),(4320263,5026,'SEGREDO',43),(4320305,5027,'SELBACH',43),(4320321,5028,'SENADOR SALGADO FILHO',43),(4320354,5029,'SENTINELA DO SUL',43),(4320404,5030,'SERAFINA CORRÊA',43),(4320453,5031,'SÉRIO',43),(4320503,5032,'SERTÃO',43),(4320552,5033,'SERTÃO SANTANA',43),(4320578,5034,'SETE DE SETEMBRO',43),(4320602,5035,'SEVERIANO DE ALMEIDA',43),(4320651,5036,'SILVEIRA MARTINS',43),(4320677,5037,'SINIMBU',43),(4320701,5038,'SOBRADINHO',43),(4320800,5039,'SOLEDADE',43),(4320859,5040,'TABAÍ',43),(4320909,5041,'TAPEJARA',43),(4321006,5042,'TAPERA',43),(4321105,5043,'TAPES',43),(4321204,5044,'TAQUARA',43),(4321303,5045,'TAQUARI',43),(4321329,5046,'TAQUARUÇU DO SUL',43),(4321352,5047,'TAVARES',43),(4321402,5048,'TENENTE PORTELA',43),(4321436,5049,'TERRA DE AREIA',43),(4321451,5050,'TEUTÔNIA',43),(4321469,5051,'TIO HUGO',43),(4321477,5052,'TIRADENTES DO SUL',43),(4321493,5053,'TOROPI',43),(4321501,5054,'TORRES',43),(4321600,5055,'TRAMANDAÍ',43),(4321626,5056,'TRAVESSEIRO',43),(4321634,5057,'TRÊS ARROIOS',43),(4321667,5058,'TRÊS CACHOEIRAS',43),(4321709,5059,'TRÊS COROAS',43),(4321808,5060,'TRÊS DE MAIO',43),(4321832,5061,'TRÊS FORQUILHAS',43),(4321857,5062,'TRÊS PALMEIRAS',43),(4321907,5063,'TRÊS PASSOS',43),(4321956,5064,'TRINDADE DO SUL',43),(4322004,5065,'TRIUNFO',43),(4322103,5066,'TUCUNDUVA',43),(4322152,5067,'TUNAS',43),(4322186,5068,'TUPANCI DO SUL',43),(4322202,5069,'TUPANCIRETÃ',43),(4322251,5070,'TUPANDI',43),(4322301,5071,'TUPARENDI',43),(4322327,5072,'TURUÇU',43),(4322343,5073,'UBIRETAMA',43),(4322350,5074,'UNIÃO DA SERRA',43),(4322376,5075,'UNISTALDA',43),(4322400,5076,'URUGUAIANA',43),(4322509,5077,'VACARIA',43),(4322525,5078,'VALE VERDE',43),(4322533,5079,'VALE DO SOL',43),(4322541,5080,'VALE REAL',43),(4322558,5081,'VANINI',43),(4322608,5082,'VENÂNCIO AIRES',43),(4322707,5083,'VERA CRUZ',43),(4322806,5084,'VERANÓPOLIS',43),(4322855,5085,'VESPASIANO CORREA',43),(4322905,5086,'VIADUTOS',43),(4323002,5087,'VIAMÃO',43),(4323101,5088,'VICENTE DUTRA',43),(4323200,5089,'VICTOR GRAEFF',43),(4323309,5090,'VILA FLORES',43),(4323358,5091,'VILA LÂNGARO',43),(4323408,5092,'VILA MARIA',43),(4323457,5093,'VILA NOVA DO SUL',43),(4323507,5094,'VISTA ALEGRE',43),(4323606,5095,'VISTA ALEGRE DO PRATA',43),(4323705,5096,'VISTA GAÚCHA',43),(4323754,5097,'VITÓRIA DAS MISSÕES',43),(4323770,5098,'WESTFALIA',43),(4323804,5099,'XANGRI-LÁ',43),(5000203,5100,'ÁGUA CLARA',50),(5000252,5101,'ALCINÓPOLIS',50),(5000609,5102,'AMAMBAI',50),(5000708,5103,'ANASTÁCIO',50),(5000807,5104,'ANAURILÂNDIA',50),(5000856,5105,'ANGÉLICA',50),(5000906,5106,'ANTÔNIO JOÃO',50),(5001003,5107,'APARECIDA DO TABOADO',50),(5001102,5108,'AQUIDAUANA',50),(5001243,5109,'ARAL MOREIRA',50),(5001508,5110,'BANDEIRANTES',50),(5001904,5111,'BATAGUASSU',50),(5002001,5112,'BATAYPORÃ',50),(5002100,5113,'BELA VISTA',50),(5002159,5114,'BODOQUENA',50),(5002209,5115,'BONITO',50),(5002308,5116,'BRASILÂNDIA',50),(5002407,5117,'CAARAPÓ',50),(5002605,5118,'CAMAPUÃ',50),(5002704,5119,'CAMPO GRANDE',50),(5002803,5120,'CARACOL',50),(5002902,5121,'CASSILÂNDIA',50),(5002951,5122,'CHAPADÃO DO SUL',50),(5003108,5123,'CORGUINHO',50),(5003157,5124,'CORONEL SAPUCAIA',50),(5003207,5125,'CORUMBÁ',50),(5003256,5126,'COSTA RICA',50),(5003306,5127,'COXIM',50),(5003454,5128,'DEODÁPOLIS',50),(5003488,5129,'DOIS IRMÃOS DO BURITI',50),(5003504,5130,'DOURADINA',50),(5003702,5131,'DOURADOS',50),(5003751,5132,'ELDORADO',50),(5003801,5133,'FÁTIMA DO SUL',50),(5003900,5134,'FIGUEIRÃO',50),(5004007,5135,'GLÓRIA DE DOURADOS',50),(5004106,5136,'GUIA LOPES DA LAGUNA',50),(5004304,5137,'IGUATEMI',50),(5004403,5138,'INOCÊNCIA',50),(5004502,5139,'ITAPORÃ',50),(5004601,5140,'ITAQUIRAÍ',50),(5004700,5141,'IVINHEMA',50),(5004809,5142,'JAPORÃ',50),(5004908,5143,'JARAGUARI',50),(5005004,5144,'JARDIM',50),(5005103,5145,'JATEÍ',50),(5005152,5146,'JUTI',50),(5005202,5147,'LADÁRIO',50),(5005251,5148,'LAGUNA CARAPÃ',50),(5005400,5149,'MARACAJU',50),(5005608,5150,'MIRANDA',50),(5005681,5151,'MUNDO NOVO',50),(5005707,5152,'NAVIRAÍ',50),(5005806,5153,'NIOAQUE',50),(5006002,5154,'NOVA ALVORADA DO SUL',50),(5006200,5155,'NOVA ANDRADINA',50),(5006259,5156,'NOVO HORIZONTE DO SUL',50),(5006309,5157,'PARANAÍBA',50),(5006358,5158,'PARANHOS',50),(5006408,5159,'PEDRO GOMES',50),(5006606,5160,'PONTA PORÃ',50),(5006903,5161,'PORTO MURTINHO',50),(5007109,5162,'RIBAS DO RIO PARDO',50),(5007208,5163,'RIO BRILHANTE',50),(5007307,5164,'RIO NEGRO',50),(5007406,5165,'RIO VERDE DE MATO GROSSO',50),(5007505,5166,'ROCHEDO',50),(5007554,5167,'SANTA RITA DO PARDO',50),(5007695,5168,'SÃO GABRIEL DO OESTE',50),(5007703,5169,'SETE QUEDAS',50),(5007802,5170,'SELVÍRIA',50),(5007901,5171,'SIDROLÂNDIA',50),(5007935,5172,'SONORA',50),(5007950,5173,'TACURU',50),(5007976,5174,'TAQUARUSSU',50),(5008008,5175,'TERENOS',50),(5008305,5176,'TRÊS LAGOAS',50),(5008404,5177,'VICENTINA',50),(5100102,5178,'ACORIZAL',51),(5100201,5179,'ÁGUA BOA',51),(5100250,5180,'ALTA FLORESTA',51),(5100300,5181,'ALTO ARAGUAIA',51),(5100359,5182,'ALTO BOA VISTA',51),(5100409,5183,'ALTO GARÇAS',51),(5100508,5184,'ALTO PARAGUAI',51),(5100607,5185,'ALTO TAQUARI',51),(5100805,5186,'APIACÁS',51),(5101001,5187,'ARAGUAIANA',51),(5101209,5188,'ARAGUAINHA',51),(5101258,5189,'ARAPUTANGA',51),(5101308,5190,'ARENÁPOLIS',51),(5101407,5191,'ARIPUANÃ',51),(5101605,5192,'BARÃO DE MELGAÇO',51),(5101704,5193,'BARRA DO BUGRES',51),(5101803,5194,'BARRA DO GARÇAS',51),(5101852,5195,'BOM JESUS DO ARAGUAIA',51),(5101902,5196,'BRASNORTE',51),(5102504,5197,'CÁCERES',51),(5102603,5198,'CAMPINÁPOLIS',51),(5102637,5199,'CAMPO NOVO DO PARECIS',51),(5102678,5200,'CAMPO VERDE',51),(5102686,5201,'CAMPOS DE JÚLIO',51),(5102694,5202,'CANABRAVA DO NORTE',51),(5102702,5203,'CANARANA',51),(5102793,5204,'CARLINDA',51),(5102850,5205,'CASTANHEIRA',51),(5103007,5206,'CHAPADA DOS GUIMARÃES',51),(5103056,5207,'CLÁUDIA',51),(5103106,5208,'COCALINHO',51),(5103205,5209,'COLÍDER',51),(5103254,5210,'COLNIZA',51),(5103304,5211,'COMODORO',51),(5103353,5212,'CONFRESA',51),(5103361,5213,'CONQUISTA DOESTE',51),(5103379,5214,'COTRIGUAÇU',51),(5103403,5215,'CUIABÁ',51),(5103437,5216,'CURVELÂNDIA',51),(5103452,5217,'DENISE',51),(5103502,5218,'DIAMANTINO',51),(5103601,5219,'DOM AQUINO',51),(5103700,5220,'FELIZ NATAL',51),(5103809,5221,'FIGUEIRÓPOLIS DOESTE',51),(5103858,5222,'GAÚCHA DO NORTE',51),(5103908,5223,'GENERAL CARNEIRO',51),(5103957,5224,'GLÓRIA DOESTE',51),(5104104,5225,'GUARANTÃ DO NORTE',51),(5104203,5226,'GUIRATINGA',51),(5104500,5227,'INDIAVAÍ',51),(5104526,5228,'IPIRANGA DO NORTE',51),(5104542,5229,'ITANHANGÁ',51),(5104559,5230,'ITAÚBA',51),(5104609,5231,'ITIQUIRA',51),(5104807,5232,'JACIARA',51),(5104906,5233,'JANGADA',51),(5105002,5234,'JAURU',51),(5105101,5235,'JUARA',51),(5105150,5236,'JUÍNA',51),(5105176,5237,'JURUENA',51),(5105200,5238,'JUSCIMEIRA',51),(5105234,5239,'LAMBARI DOESTE',51),(5105259,5240,'LUCAS DO RIO VERDE',51),(5105309,5241,'LUCIARA',51),(5105507,5242,'VILA BELA DA SANTÍSSIMA TRINDADE',51),(5105580,5243,'MARCELÂNDIA',51),(5105606,5244,'MATUPÁ',51),(5105622,5245,'MIRASSOL DOESTE',51),(5105903,5246,'NOBRES',51),(5106000,5247,'NORTELÂNDIA',51),(5106109,5248,'NOSSA SENHORA DO LIVRAMENTO',51),(5106158,5249,'NOVA BANDEIRANTES',51),(5106174,5250,'NOVA NAZARÉ',51),(5106182,5251,'NOVA LACERDA',51),(5106190,5252,'NOVA SANTA HELENA',51),(5106208,5253,'NOVA BRASILÂNDIA',51),(5106216,5254,'NOVA CANAÃ DO NORTE',51),(5106224,5255,'NOVA MUTUM',51),(5106232,5256,'NOVA OLÍMPIA',51),(5106240,5257,'NOVA UBIRATÃ',51),(5106257,5258,'NOVA XAVANTINA',51),(5106265,5259,'NOVO MUNDO',51),(5106273,5260,'NOVO HORIZONTE DO NORTE',51),(5106281,5261,'NOVO SÃO JOAQUIM',51),(5106299,5262,'PARANAÍTA',51),(5106307,5263,'PARANATINGA',51),(5106315,5264,'NOVO SANTO ANTÔNIO',51),(5106372,5265,'PEDRA PRETA',51),(5106422,5266,'PEIXOTO DE AZEVEDO',51),(5106455,5267,'PLANALTO DA SERRA',51),(5106505,5268,'POCONÉ',51),(5106653,5269,'PONTAL DO ARAGUAIA',51),(5106703,5270,'PONTE BRANCA',51),(5106752,5271,'PONTES E LACERDA',51),(5106778,5272,'PORTO ALEGRE DO NORTE',51),(5106802,5273,'PORTO DOS GAÚCHOS',51),(5106828,5274,'PORTO ESPERIDIÃO',51),(5106851,5275,'PORTO ESTRELA',51),(5107008,5276,'POXORÉO',51),(5107040,5277,'PRIMAVERA DO LESTE',51),(5107065,5278,'QUERÊNCIA',51),(5107107,5279,'SÃO JOSÉ DOS QUATRO MARCOS',51),(5107156,5280,'RESERVA DO CABAÇAL',51),(5107180,5281,'RIBEIRÃO CASCALHEIRA',51),(5107198,5282,'RIBEIRÃOZINHO',51),(5107206,5283,'RIO BRANCO',51),(5107248,5284,'SANTA CARMEM',51),(5107263,5285,'SANTO AFONSO',51),(5107297,5286,'SÃO JOSÉ DO POVO',51),(5107305,5287,'SÃO JOSÉ DO RIO CLARO',51),(5107354,5288,'SÃO JOSÉ DO XINGU',51),(5107404,5289,'SÃO PEDRO DA CIPA',51),(5107578,5290,'RONDOLÂNDIA',51),(5107602,5291,'RONDONÓPOLIS',51),(5107701,5292,'ROSÁRIO OESTE',51),(5107743,5293,'SANTA CRUZ DO XINGU',51),(5107750,5294,'SALTO DO CÉU',51),(5107768,5295,'SANTA RITA DO TRIVELATO',51),(5107776,5296,'SANTA TEREZINHA',51),(5107792,5297,'SANTO ANTÔNIO DO LESTE',51),(5107800,5298,'SANTO ANTÔNIO DO LEVERGER',51),(5107859,5299,'SÃO FÉLIX DO ARAGUAIA',51),(5107875,5300,'SAPEZAL',51),(5107883,5301,'SERRA NOVA DOURADA',51),(5107909,5302,'SINOP',51),(5107925,5303,'SORRISO',51),(5107941,5304,'TABAPORÃ',51),(5107958,5305,'TANGARÁ DA SERRA',51),(5108006,5306,'TAPURAH',51),(5108055,5307,'TERRA NOVA DO NORTE',51),(5108105,5308,'TESOURO',51),(5108204,5309,'TORIXORÉU',51),(5108303,5310,'UNIÃO DO SUL',51),(5108352,5311,'VALE DE SÃO DOMINGOS',51),(5108402,5312,'VÁRZEA GRANDE',51),(5108501,5313,'VERA',51),(5108600,5314,'VILA RICA',51),(5108808,5315,'NOVA GUARITA',51),(5108857,5316,'NOVA MARILÂNDIA',51),(5108907,5317,'NOVA MARINGÁ',51),(5108956,5318,'NOVA MONTE VERDE',51),(5200050,5319,'ABADIA DE GOIÁS',52),(5200100,5320,'ABADIÂNIA',52),(5200134,5321,'ACREÚNA',52),(5200159,5322,'ADELÂNDIA',52),(5200175,5323,'ÁGUA FRIA DE GOIÁS',52),(5200209,5324,'ÁGUA LIMPA',52),(5200258,5325,'ÁGUAS LINDAS DE GOIÁS',52),(5200308,5326,'ALEXÂNIA',52),(5200506,5327,'ALOÂNDIA',52),(5200555,5328,'ALTO HORIZONTE',52),(5200605,5329,'ALTO PARAÍSO DE GOIÁS',52),(5200803,5330,'ALVORADA DO NORTE',52),(5200829,5331,'AMARALINA',52),(5200852,5332,'AMERICANO DO BRASIL',52),(5200902,5333,'AMORINÓPOLIS',52),(5201108,5334,'ANÁPOLIS',52),(5201207,5335,'ANHANGUERA',52),(5201306,5336,'ANICUNS',52),(5201405,5337,'APARECIDA DE GOIÂNIA',52),(5201454,5338,'APARECIDA DO RIO DOCE',52),(5201504,5339,'APORÉ',52),(5201603,5340,'ARAÇU',52),(5201702,5341,'ARAGARÇAS',52),(5201801,5342,'ARAGOIÂNIA',52),(5202155,5343,'ARAGUAPAZ',52),(5202353,5344,'ARENÓPOLIS',52),(5202502,5345,'ARUANÃ',52),(5202601,5346,'AURILÂNDIA',52),(5202809,5347,'AVELINÓPOLIS',52),(5203104,5348,'BALIZA',52),(5203203,5349,'BARRO ALTO',52),(5203302,5350,'BELA VISTA DE GOIÁS',52),(5203401,5351,'BOM JARDIM DE GOIÁS',52),(5203500,5352,'BOM JESUS DE GOIÁS',52),(5203559,5353,'BONFINÓPOLIS',52),(5203575,5354,'BONÓPOLIS',52),(5203609,5355,'BRAZABRANTES',52),(5203807,5356,'BRITÂNIA',52),(5203906,5357,'BURITI ALEGRE',52),(5203939,5358,'BURITI DE GOIÁS',52),(5203962,5359,'BURITINÓPOLIS',52),(5204003,5360,'CABECEIRAS',52),(5204102,5361,'CACHOEIRA ALTA',52),(5204201,5362,'CACHOEIRA DE GOIÁS',52),(5204250,5363,'CACHOEIRA DOURADA',52),(5204300,5364,'CAÇU',52),(5204409,5365,'CAIAPÔNIA',52),(5204508,5366,'CALDAS NOVAS',52),(5204557,5367,'CALDAZINHA',52),(5204607,5368,'CAMPESTRE DE GOIÁS',52),(5204656,5369,'CAMPINAÇU',52),(5204706,5370,'CAMPINORTE',52),(5204805,5371,'CAMPO ALEGRE DE GOIÁS',52),(5204854,5372,'CAMPO LIMPO DE GOIÁS',52),(5204904,5373,'CAMPOS BELOS',52),(5204953,5374,'CAMPOS VERDES',52),(5205000,5375,'CARMO DO RIO VERDE',52),(5205059,5376,'CASTELÂNDIA',52),(5205109,5377,'CATALÃO',52),(5205208,5378,'CATURAÍ',52),(5205307,5379,'CAVALCANTE',52),(5205406,5380,'CERES',52),(5205455,5381,'CEZARINA',52),(5205471,5382,'CHAPADÃO DO CÉU',52),(5205497,5383,'CIDADE OCIDENTAL',52),(5205513,5384,'COCALZINHO DE GOIÁS',52),(5205521,5385,'COLINAS DO SUL',52),(5205703,5386,'CÓRREGO DO OURO',52),(5205802,5387,'CORUMBÁ DE GOIÁS',52),(5205901,5388,'CORUMBAÍBA',52),(5206206,5389,'CRISTALINA',52),(5206305,5390,'CRISTIANÓPOLIS',52),(5206404,5391,'CRIXÁS',52),(5206503,5392,'CROMÍNIA',52),(5206602,5393,'CUMARI',52),(5206701,5394,'DAMIANÓPOLIS',52),(5206800,5395,'DAMOLÂNDIA',52),(5206909,5396,'DAVINÓPOLIS',52),(5207105,5397,'DIORAMA',52),(5207253,5398,'DOVERLÂNDIA',52),(5207352,5399,'EDEALINA',52),(5207402,5400,'EDÉIA',52),(5207501,5401,'ESTRELA DO NORTE',52),(5207535,5402,'FAINA',52),(5207600,5403,'FAZENDA NOVA',52),(5207808,5404,'FIRMINÓPOLIS',52),(5207907,5405,'FLORES DE GOIÁS',52),(5208004,5406,'FORMOSA',52),(5208103,5407,'FORMOSO',52),(5208152,5408,'GAMELEIRA DE GOIÁS',52),(5208301,5409,'DIVINÓPOLIS DE GOIÁS',52),(5208400,5410,'GOIANÁPOLIS',52),(5208509,5411,'GOIANDIRA',52),(5208608,5412,'GOIANÉSIA',52),(5208707,5413,'GOIÂNIA',52),(5208806,5414,'GOIANIRA',52),(5208905,5415,'GOIÁS',52),(5209101,5416,'GOIATUBA',52),(5209150,5417,'GOUVELÂNDIA',52),(5209200,5418,'GUAPÓ',52),(5209291,5419,'GUARAÍTA',52),(5209408,5420,'GUARANI DE GOIÁS',52),(5209457,5421,'GUARINOS',52),(5209606,5422,'HEITORAÍ',52),(5209705,5423,'HIDROLÂNDIA',52),(5209804,5424,'HIDROLINA',52),(5209903,5425,'IACIARA',52),(5209937,5426,'INACIOLÂNDIA',52),(5209952,5427,'INDIARA',52),(5210000,5428,'INHUMAS',52),(5210109,5429,'IPAMERI',52),(5210158,5430,'IPIRANGA DE GOIÁS',52),(5210208,5431,'IPORÁ',52),(5210307,5432,'ISRAELÂNDIA',52),(5210406,5433,'ITABERAÍ',52),(5210562,5434,'ITAGUARI',52),(5210604,5435,'ITAGUARU',52),(5210802,5436,'ITAJÁ',52),(5210901,5437,'ITAPACI',52),(5211008,5438,'ITAPIRAPUÃ',52),(5211206,5439,'ITAPURANGA',52),(5211305,5440,'ITARUMÃ',52),(5211404,5441,'ITAUÇU',52),(5211503,5442,'ITUMBIARA',52),(5211602,5443,'IVOLÂNDIA',52),(5211701,5444,'JANDAIA',52),(5211800,5445,'JARAGUÁ',52),(5211909,5446,'JATAÍ',52),(5212006,5447,'JAUPACI',52),(5212055,5448,'JESÚPOLIS',52),(5212105,5449,'JOVIÂNIA',52),(5212204,5450,'JUSSARA',52),(5212253,5451,'LAGOA SANTA',52),(5212303,5452,'LEOPOLDO DE BULHÕES',52),(5212501,5453,'LUZIÂNIA',52),(5212600,5454,'MAIRIPOTABA',52),(5212709,5455,'MAMBAÍ',52),(5212808,5456,'MARA ROSA',52),(5212907,5457,'MARZAGÃO',52),(5212956,5458,'MATRINCHÃ',52),(5213004,5459,'MAURILÂNDIA',52),(5213053,5460,'MIMOSO DE GOIÁS',52),(5213087,5461,'MINAÇU',52),(5213103,5462,'MINEIROS',52),(5213400,5463,'MOIPORÁ',52),(5213509,5464,'MONTE ALEGRE DE GOIÁS',52),(5213707,5465,'MONTES CLAROS DE GOIÁS',52),(5213756,5466,'MONTIVIDIU',52),(5213772,5467,'MONTIVIDIU DO NORTE',52),(5213806,5468,'MORRINHOS',52),(5213855,5469,'MORRO AGUDO DE GOIÁS',52),(5213905,5470,'MOSSÂMEDES',52),(5214002,5471,'MOZARLÂNDIA',52),(5214051,5472,'MUNDO NOVO',52),(5214101,5473,'MUTUNÓPOLIS',52),(5214408,5474,'NAZÁRIO',52),(5214507,5475,'NERÓPOLIS',52),(5214606,5476,'NIQUELÂNDIA',52),(5214705,5477,'NOVA AMÉRICA',52),(5214804,5478,'NOVA AURORA',52),(5214838,5479,'NOVA CRIXÁS',52),(5214861,5480,'NOVA GLÓRIA',52),(5214879,5481,'NOVA IGUAÇU DE GOIÁS',52),(5214903,5482,'NOVA ROMA',52),(5215009,5483,'NOVA VENEZA',52),(5215207,5484,'NOVO BRASIL',52),(5215231,5485,'NOVO GAMA',52),(5215256,5486,'NOVO PLANALTO',52),(5215306,5487,'ORIZONA',52),(5215405,5488,'OURO VERDE DE GOIÁS',52),(5215504,5489,'OUVIDOR',52),(5215603,5490,'PADRE BERNARDO',52),(5215652,5491,'PALESTINA DE GOIÁS',52),(5215702,5492,'PALMEIRAS DE GOIÁS',52),(5215801,5493,'PALMELO',52),(5215900,5494,'PALMINÓPOLIS',52),(5216007,5495,'PANAMÁ',52),(5216304,5496,'PARANAIGUARA',52),(5216403,5497,'PARAÚNA',52),(5216452,5498,'PEROLÂNDIA',52),(5216809,5499,'PETROLINA DE GOIÁS',52),(5216908,5500,'PILAR DE GOIÁS',52),(5217104,5501,'PIRACANJUBA',52),(5217203,5502,'PIRANHAS',52),(5217302,5503,'PIRENÓPOLIS',52),(5217401,5504,'PIRES DO RIO',52),(5217609,5505,'PLANALTINA',52),(5217708,5506,'PONTALINA',52),(5218003,5507,'PORANGATU',52),(5218052,5508,'PORTEIRÃO',52),(5218102,5509,'PORTELÂNDIA',52),(5218300,5510,'POSSE',52),(5218391,5511,'PROFESSOR JAMIL',52),(5218508,5512,'QUIRINÓPOLIS',52),(5218607,5513,'RIALMA',52),(5218706,5514,'RIANÁPOLIS',52),(5218789,5515,'RIO QUENTE',52),(5218805,5516,'RIO VERDE',52),(5218904,5517,'RUBIATABA',52),(5219001,5518,'SANCLERLÂNDIA',52),(5219100,5519,'SANTA BÁRBARA DE GOIÁS',52),(5219209,5520,'SANTA CRUZ DE GOIÁS',52),(5219258,5521,'SANTA FÉ DE GOIÁS',52),(5219308,5522,'SANTA HELENA DE GOIÁS',52),(5219357,5523,'SANTA ISABEL',52),(5219407,5524,'SANTA RITA DO ARAGUAIA',52),(5219456,5525,'SANTA RITA DO NOVO DESTINO',52),(5219506,5526,'SANTA ROSA DE GOIÁS',52),(5219605,5527,'SANTA TEREZA DE GOIÁS',52),(5219704,5528,'SANTA TEREZINHA DE GOIÁS',52),(5219712,5529,'SANTO ANTÔNIO DA BARRA',52),(5219738,5530,'SANTO ANTÔNIO DE GOIÁS',52),(5219753,5531,'SANTO ANTÔNIO DO DESCOBERTO',52),(5219803,5532,'SÃO DOMINGOS',52),(5219902,5533,'SÃO FRANCISCO DE GOIÁS',52),(5220009,5534,'SÃO JOÃO DALIANÇA',52),(5220058,5535,'SÃO JOÃO DA PARAÚNA',52),(5220108,5536,'SÃO LUÍS DE MONTES BELOS',52),(5220157,5537,'SÃO LUÍZ DO NORTE',52),(5220207,5538,'SÃO MIGUEL DO ARAGUAIA',52),(5220264,5539,'SÃO MIGUEL DO PASSA QUATRO',52),(5220280,5540,'SÃO PATRÍCIO',52),(5220405,5541,'SÃO SIMÃO',52),(5220454,5542,'SENADOR CANEDO',52),(5220504,5543,'SERRANÓPOLIS',52),(5220603,5544,'SILVÂNIA',52),(5220686,5545,'SIMOLÂNDIA',52),(5220702,5546,'SÍTIO DABADIA',52),(5221007,5547,'TAQUARAL DE GOIÁS',52),(5221080,5548,'TERESINA DE GOIÁS',52),(5221197,5549,'TEREZÓPOLIS DE GOIÁS',52),(5221304,5550,'TRÊS RANCHOS',52),(5221403,5551,'TRINDADE',52),(5221452,5552,'TROMBAS',52),(5221502,5553,'TURVÂNIA',52),(5221551,5554,'TURVELÂNDIA',52),(5221577,5555,'UIRAPURU',52),(5221601,5556,'URUAÇU',52),(5221700,5557,'URUANA',52),(5221809,5558,'URUTAÍ',52),(5221858,5559,'VALPARAÍSO DE GOIÁS',52),(5221908,5560,'VARJÃO',52),(5222005,5561,'VIANÓPOLIS',52),(5222054,5562,'VICENTINÓPOLIS',52),(5222203,5563,'VILA BOA',52),(5222302,5564,'VILA PROPÍCIO',52),(5300108,5565,'BRASÍLIA',53),(0,5566,'goianata',31);
/*!40000 ALTER TABLE `cidade` ENABLE KEYS */;
UNLOCK TABLES;

--
-- Table structure for table `clientes`
--

DROP TABLE IF EXISTS `clientes`;
/*!40101 SET @saved_cs_client     = @@character_set_client */;
/*!40101 SET character_set_client = utf8 */;
CREATE TABLE `clientes` (
  `codigo` int(11) NOT NULL AUTO_INCREMENT,
  `nome` varchar(255) DEFAULT NULL,
  `nome_fantasia` varchar(200) DEFAULT NULL,
  `endereco` varchar(255) DEFAULT NULL,
  `bairro` varchar(60) DEFAULT NULL,
  `cod_cidade` int(11) NOT NULL,
  `cep` varchar(10) DEFAULT NULL,
  `telefone` varchar(20) DEFAULT NULL,
  `cpf_cnpj` varchar(30) CHARACTER SET utf8 DEFAULT NULL,
  `observacao` varchar(300) CHARACTER SET utf8 DEFAULT NULL,
  `ativo` int(11) NOT NULL DEFAULT '1',
  `tipo_pessoa` varchar(1) DEFAULT NULL,
  PRIMARY KEY (`codigo`),
  KEY `fk_clientes_cidade1_idx` (`cod_cidade`),
  CONSTRAINT `fk_clientes_cidade1` FOREIGN KEY (`cod_cidade`) REFERENCES `cidade` (`codigo`) ON DELETE NO ACTION ON UPDATE NO ACTION
) ENGINE=InnoDB AUTO_INCREMENT=2 DEFAULT CHARSET=latin1;
/*!40101 SET character_set_client = @saved_cs_client */;

--
-- Dumping data for table `clientes`
--

LOCK TABLES `clientes` WRITE;
/*!40000 ALTER TABLE `clientes` DISABLE KEYS */;
INSERT INTO `clientes` VALUES (1,'BALCAO','BALCAO','BALCAO','BALCAO',53,'36500-000','32','00.000.000/0000-00','3',1,'J');
/*!40000 ALTER TABLE `clientes` ENABLE KEYS */;
UNLOCK TABLES;

--
-- Table structure for table `compras`
--

DROP TABLE IF EXISTS `compras`;
/*!40101 SET @saved_cs_client     = @@character_set_client */;
/*!40101 SET character_set_client = utf8 */;
CREATE TABLE `compras` (
  `codigo` int(11) NOT NULL AUTO_INCREMENT,
  `valor_total` double NOT NULL,
  `data` date DEFAULT NULL,
  PRIMARY KEY (`codigo`)
) ENGINE=InnoDB DEFAULT CHARSET=latin1;
/*!40101 SET character_set_client = @saved_cs_client */;

--
-- Dumping data for table `compras`
--

LOCK TABLES `compras` WRITE;
/*!40000 ALTER TABLE `compras` DISABLE KEYS */;
/*!40000 ALTER TABLE `compras` ENABLE KEYS */;
UNLOCK TABLES;

--
-- Table structure for table `compras_produtos`
--

DROP TABLE IF EXISTS `compras_produtos`;
/*!40101 SET @saved_cs_client     = @@character_set_client */;
/*!40101 SET character_set_client = utf8 */;
CREATE TABLE `compras_produtos` (
  `codigo` int(11) NOT NULL AUTO_INCREMENT,
  `valor_custo` double NOT NULL,
  `valor_venda` double NOT NULL,
  `quantidade` int(11) NOT NULL,
  `cod_produto` int(11) NOT NULL,
  `cod_compras` int(11) NOT NULL,
  PRIMARY KEY (`codigo`),
  KEY `fk_compras_produtos_produtos1_idx` (`cod_produto`),
  KEY `fk_compras_produtos_compras1_idx` (`cod_compras`),
  CONSTRAINT `fk_compras_produtos_compras1` FOREIGN KEY (`cod_compras`) REFERENCES `compras` (`codigo`) ON DELETE NO ACTION ON UPDATE NO ACTION,
  CONSTRAINT `fk_compras_produtos_produtos1` FOREIGN KEY (`cod_produto`) REFERENCES `produtos` (`id`) ON DELETE NO ACTION ON UPDATE NO ACTION
) ENGINE=InnoDB DEFAULT CHARSET=utf8;
/*!40101 SET character_set_client = @saved_cs_client */;

--
-- Dumping data for table `compras_produtos`
--

LOCK TABLES `compras_produtos` WRITE;
/*!40000 ALTER TABLE `compras_produtos` DISABLE KEYS */;
/*!40000 ALTER TABLE `compras_produtos` ENABLE KEYS */;
UNLOCK TABLES;

--
-- Table structure for table `contas_pagar`
--

DROP TABLE IF EXISTS `contas_pagar`;
/*!40101 SET @saved_cs_client     = @@character_set_client */;
/*!40101 SET character_set_client = utf8 */;
CREATE TABLE `contas_pagar` (
  `pk_codigo` int(10) NOT NULL AUTO_INCREMENT,
  `descricao` varchar(500) NOT NULL,
  `data` date NOT NULL,
  `vencimento` date NOT NULL,
  `observacao` varchar(500) NOT NULL,
  `situacao` smallint(1) NOT NULL,
  `valor` float NOT NULL,
  `pagamento` date DEFAULT NULL,
  `fk_codigo_pessoa` int(11) NOT NULL,
  `fk_tipo_pagamento` int(10) unsigned NOT NULL,
  PRIMARY KEY (`pk_codigo`),
  KEY `fk_contas_pagar_fornecedores1_idx` (`fk_codigo_pessoa`),
  KEY `fk_contas_pagar_forma_pagamento1_idx` (`fk_tipo_pagamento`),
  CONSTRAINT `fk_contas_pagar_forma_pagamento1` FOREIGN KEY (`fk_tipo_pagamento`) REFERENCES `forma_pagamento` (`codigo`) ON DELETE NO ACTION ON UPDATE NO ACTION,
  CONSTRAINT `fk_contas_pagar_fornecedores1` FOREIGN KEY (`fk_codigo_pessoa`) REFERENCES `fornecedores` (`codigo`) ON DELETE NO ACTION ON UPDATE NO ACTION
) ENGINE=InnoDB DEFAULT CHARSET=utf8;
/*!40101 SET character_set_client = @saved_cs_client */;

--
-- Dumping data for table `contas_pagar`
--

LOCK TABLES `contas_pagar` WRITE;
/*!40000 ALTER TABLE `contas_pagar` DISABLE KEYS */;
/*!40000 ALTER TABLE `contas_pagar` ENABLE KEYS */;
UNLOCK TABLES;

--
-- Table structure for table `contas_receber`
--

DROP TABLE IF EXISTS `contas_receber`;
/*!40101 SET @saved_cs_client     = @@character_set_client */;
/*!40101 SET character_set_client = utf8 */;
CREATE TABLE `contas_receber` (
  `pk_codigo` int(10) NOT NULL AUTO_INCREMENT,
  `descricao` varchar(500) NOT NULL,
  `data` date NOT NULL,
  `vencimento` date NOT NULL,
  `observacao` varchar(500) NOT NULL,
  `situacao` smallint(1) NOT NULL,
  `valor` float NOT NULL,
  `pagamento` date NOT NULL,
  `clientes_codigo` int(11) NOT NULL,
  `fk_tipo_pagamento` int(10) unsigned NOT NULL,
  PRIMARY KEY (`pk_codigo`),
  KEY `fk_contas_receber_clientes1_idx` (`clientes_codigo`),
  KEY `fk_contas_receber_forma_pagamento1_idx` (`fk_tipo_pagamento`),
  CONSTRAINT `fk_contas_receber_clientes1` FOREIGN KEY (`clientes_codigo`) REFERENCES `clientes` (`codigo`) ON DELETE NO ACTION ON UPDATE NO ACTION,
  CONSTRAINT `fk_contas_receber_forma_pagamento1` FOREIGN KEY (`fk_tipo_pagamento`) REFERENCES `forma_pagamento` (`codigo`) ON DELETE NO ACTION ON UPDATE NO ACTION
) ENGINE=InnoDB DEFAULT CHARSET=utf8;
/*!40101 SET character_set_client = @saved_cs_client */;

--
-- Dumping data for table `contas_receber`
--

LOCK TABLES `contas_receber` WRITE;
/*!40000 ALTER TABLE `contas_receber` DISABLE KEYS */;
/*!40000 ALTER TABLE `contas_receber` ENABLE KEYS */;
UNLOCK TABLES;

--
-- Table structure for table `empresa`
--

DROP TABLE IF EXISTS `empresa`;
/*!40101 SET @saved_cs_client     = @@character_set_client */;
/*!40101 SET character_set_client = utf8 */;
CREATE TABLE `empresa` (
  `codigo` int(10) unsigned NOT NULL AUTO_INCREMENT,
  `razao_social` varchar(300) NOT NULL,
  `nome_fantasia` varchar(300) NOT NULL,
  `endereco` varchar(300) NOT NULL,
  `endereco_numero` varchar(10) NOT NULL,
  `complemento` varchar(10) NOT NULL,
  `bairro` varchar(300) NOT NULL,
  `cod_pais` int(11) NOT NULL,
  `cep` varchar(30) NOT NULL,
  `telefone` varchar(30) NOT NULL,
  `insc_estad` varchar(100) NOT NULL,
  `cnpj` varchar(45) NOT NULL,
  `crt` int(11) NOT NULL,
  `cod_cidade` int(11) NOT NULL,
  PRIMARY KEY (`codigo`),
  KEY `fk_empresa_cidade1_idx` (`cod_cidade`),
  CONSTRAINT `fk_empresa_cidade1` FOREIGN KEY (`cod_cidade`) REFERENCES `cidade` (`codigo`) ON DELETE NO ACTION ON UPDATE NO ACTION
) ENGINE=InnoDB AUTO_INCREMENT=2 DEFAULT CHARSET=latin1;
/*!40101 SET character_set_client = @saved_cs_client */;

--
-- Dumping data for table `empresa`
--

LOCK TABLES `empresa` WRITE;
/*!40000 ALTER TABLE `empresa` DISABLE KEYS */;
INSERT INTO `empresa` VALUES (1,'MINHA EMPRESA LTDA','MINHA EMPRESA','RUA MAJOR TITO CEZAR','123','LOJA B','CENTRO',1058,'36500-000','32-3531-0000','00000000000','00000000000',1,53);
/*!40000 ALTER TABLE `empresa` ENABLE KEYS */;
UNLOCK TABLES;

--
-- Table structure for table `estado`
--

DROP TABLE IF EXISTS `estado`;
/*!40101 SET @saved_cs_client     = @@character_set_client */;
/*!40101 SET character_set_client = utf8 */;
CREATE TABLE `estado` (
  `codigo` int(11) NOT NULL AUTO_INCREMENT,
  `uf` varchar(2) CHARACTER SET utf8 NOT NULL,
  `nome` varchar(50) NOT NULL,
  PRIMARY KEY (`codigo`)
) ENGINE=InnoDB AUTO_INCREMENT=54 DEFAULT CHARSET=latin1;
/*!40101 SET character_set_client = @saved_cs_client */;

--
-- Dumping data for table `estado`
--

LOCK TABLES `estado` WRITE;
/*!40000 ALTER TABLE `estado` DISABLE KEYS */;
INSERT INTO `estado` VALUES (11,'RO','RONDONIA'),(12,'AC','ACRE'),(13,'AM','AMAZONAS'),(14,'RR','RORAIMA'),(15,'PA','PARA'),(16,'AP','AMAPA'),(17,'TO','TOCANTINS'),(21,'MA','MARANHAO'),(22,'PI','PIAUI'),(23,'CE','CEARA'),(24,'RN','RIO GRANDE DO NORTE'),(25,'PB','PARAIBA'),(27,'AL','ALAGOAS'),(28,'SE','SERGIPE'),(29,'BA','BAHIA'),(31,'MG','MINAS GERAIS'),(32,'ES','ESPIRITO SANTO'),(33,'RJ','RIO DE JANEIRO'),(35,'SP','SAO PAULO'),(41,'PR','PARANA'),(42,'SC','SANTA CATARINA'),(43,'RS','RIO GRANDE DO SUL'),(50,'MS','MATO GROSSO DO SUL'),(51,'MT','MATO GROSSO'),(52,'GO','GOIAS'),(53,'GO','DISTRITO FEDERAL');
/*!40000 ALTER TABLE `estado` ENABLE KEYS */;
UNLOCK TABLES;

--
-- Table structure for table `forma_pagamento`
--

DROP TABLE IF EXISTS `forma_pagamento`;
/*!40101 SET @saved_cs_client     = @@character_set_client */;
/*!40101 SET character_set_client = utf8 */;
CREATE TABLE `forma_pagamento` (
  `codigo` int(10) unsigned NOT NULL AUTO_INCREMENT,
  `descricao` varchar(45) NOT NULL,
  `desconto` float NOT NULL,
  `quantidade_parcelas` int(11) NOT NULL,
  `observacao` varchar(300) CHARACTER SET utf8 NOT NULL,
  `situacao` tinyint(1) NOT NULL,
  PRIMARY KEY (`codigo`)
) ENGINE=InnoDB AUTO_INCREMENT=6 DEFAULT CHARSET=latin1;
/*!40101 SET character_set_client = @saved_cs_client */;

--
-- Dumping data for table `forma_pagamento`
--

LOCK TABLES `forma_pagamento` WRITE;
/*!40000 ALTER TABLE `forma_pagamento` DISABLE KEYS */;
INSERT INTO `forma_pagamento` VALUES (1,'DEBITO',0,1,'',1),(2,'CREDITO',0,1,'',1),(3,'CHEQUE',0,1,'',1),(4,'VALE',0,1,'',1),(5,'DINHEIRO',0,1,'',1);
/*!40000 ALTER TABLE `forma_pagamento` ENABLE KEYS */;
UNLOCK TABLES;

--
-- Table structure for table `fornecedores`
--

DROP TABLE IF EXISTS `fornecedores`;
/*!40101 SET @saved_cs_client     = @@character_set_client */;
/*!40101 SET character_set_client = utf8 */;
CREATE TABLE `fornecedores` (
  `codigo` int(11) NOT NULL AUTO_INCREMENT,
  `nome` varchar(255) NOT NULL,
  `endereco` varchar(255) DEFAULT NULL,
  `bairro` varchar(60) DEFAULT NULL,
  `cep` varchar(10) DEFAULT NULL,
  `telefone` varchar(20) DEFAULT NULL,
  `cod_cidade` int(11) NOT NULL,
  `nome_fantasia` varchar(255) DEFAULT NULL,
  `cnpj` varchar(45) DEFAULT NULL,
  `insc_estad` varchar(45) DEFAULT NULL,
  PRIMARY KEY (`codigo`),
  KEY `fk_fornecedores_cidade1_idx` (`cod_cidade`),
  CONSTRAINT `fk_fornecedores_cidade1` FOREIGN KEY (`cod_cidade`) REFERENCES `cidade` (`codigo`) ON DELETE NO ACTION ON UPDATE NO ACTION
) ENGINE=InnoDB AUTO_INCREMENT=2 DEFAULT CHARSET=latin1;
/*!40101 SET character_set_client = @saved_cs_client */;

--
-- Dumping data for table `fornecedores`
--

LOCK TABLES `fornecedores` WRITE;
/*!40000 ALTER TABLE `fornecedores` DISABLE KEYS */;
INSERT INTO `fornecedores` VALUES (1,'GENERICO','','','     -   ','',53,'','  .   .   /    -  ','');
/*!40000 ALTER TABLE `fornecedores` ENABLE KEYS */;
UNLOCK TABLES;

--
-- Table structure for table `garcon`
--

DROP TABLE IF EXISTS `garcon`;
/*!40101 SET @saved_cs_client     = @@character_set_client */;
/*!40101 SET character_set_client = utf8 */;
CREATE TABLE `garcon` (
  `codigo` int(11) NOT NULL AUTO_INCREMENT,
  `nome` varchar(200) COLLATE latin1_general_ci NOT NULL,
  `endereco` varchar(255) COLLATE latin1_general_ci DEFAULT NULL,
  `bairro` varchar(150) COLLATE latin1_general_ci DEFAULT NULL,
  `cep` varchar(10) COLLATE latin1_general_ci DEFAULT NULL,
  `telefone` varchar(20) COLLATE latin1_general_ci DEFAULT NULL,
  `comissao` float DEFAULT '0',
  `senha` varchar(45) COLLATE latin1_general_ci NOT NULL,
  `cod_cidade` int(11) NOT NULL,
  PRIMARY KEY (`codigo`),
  KEY `fk_garcon_cidade1_idx` (`cod_cidade`),
  CONSTRAINT `fk_garcon_cidade1` FOREIGN KEY (`cod_cidade`) REFERENCES `cidade` (`codigo`) ON DELETE NO ACTION ON UPDATE NO ACTION
) ENGINE=InnoDB DEFAULT CHARSET=latin1 COLLATE=latin1_general_ci;
/*!40101 SET character_set_client = @saved_cs_client */;

--
-- Dumping data for table `garcon`
--

LOCK TABLES `garcon` WRITE;
/*!40000 ALTER TABLE `garcon` DISABLE KEYS */;
/*!40000 ALTER TABLE `garcon` ENABLE KEYS */;
UNLOCK TABLES;

--
-- Table structure for table `itens_pedido_mesa`
--

DROP TABLE IF EXISTS `itens_pedido_mesa`;
/*!40101 SET @saved_cs_client     = @@character_set_client */;
/*!40101 SET character_set_client = utf8 */;
CREATE TABLE `itens_pedido_mesa` (
  `codigo` int(11) NOT NULL AUTO_INCREMENT,
  `status_pedido` varchar(30) COLLATE latin1_general_ci DEFAULT NULL,
  `observacao` varchar(255) COLLATE latin1_general_ci DEFAULT NULL,
  `quantidade` float DEFAULT NULL,
  `horario` time DEFAULT NULL,
  `codigo_mesa` int(11) NOT NULL,
  `codigo_produto` int(11) NOT NULL,
  PRIMARY KEY (`codigo`),
  KEY `fk_itens_pedidos_mesa_produtos1_idx` (`codigo_produto`),
  CONSTRAINT `fk_itens_pedidos_mesa_produtos1` FOREIGN KEY (`codigo_produto`) REFERENCES `produtos` (`id`) ON DELETE NO ACTION ON UPDATE NO ACTION
) ENGINE=InnoDB DEFAULT CHARSET=latin1 COLLATE=latin1_general_ci;
/*!40101 SET character_set_client = @saved_cs_client */;

--
-- Dumping data for table `itens_pedido_mesa`
--

LOCK TABLES `itens_pedido_mesa` WRITE;
/*!40000 ALTER TABLE `itens_pedido_mesa` DISABLE KEYS */;
/*!40000 ALTER TABLE `itens_pedido_mesa` ENABLE KEYS */;
UNLOCK TABLES;

--
-- Table structure for table `pagamento`
--

DROP TABLE IF EXISTS `pagamento`;
/*!40101 SET @saved_cs_client     = @@character_set_client */;
/*!40101 SET character_set_client = utf8 */;
CREATE TABLE `pagamento` (
  `codigo` int(11) NOT NULL AUTO_INCREMENT,
  `valor` decimal(19,2) DEFAULT NULL,
  `codigo_forma_pagamento` int(10) DEFAULT NULL,
  `codigo_venda` int(11) DEFAULT NULL,
  PRIMARY KEY (`codigo`)
) ENGINE=InnoDB AUTO_INCREMENT=9 DEFAULT CHARSET=latin1;
/*!40101 SET character_set_client = @saved_cs_client */;

--
-- Dumping data for table `pagamento`
--

LOCK TABLES `pagamento` WRITE;
/*!40000 ALTER TABLE `pagamento` DISABLE KEYS */;
INSERT INTO `pagamento` VALUES (1,25.00,1,1),(2,10.11,1,32),(3,0.89,1,32),(4,4.00,1,33),(5,1.00,3,33),(6,13.90,1,34),(7,5.00,1,38),(8,2.50,1,39);
/*!40000 ALTER TABLE `pagamento` ENABLE KEYS */;
UNLOCK TABLES;

--
-- Table structure for table `produtos`
--

DROP TABLE IF EXISTS `produtos`;
/*!40101 SET @saved_cs_client     = @@character_set_client */;
/*!40101 SET character_set_client = utf8 */;
CREATE TABLE `produtos` (
  `id` int(11) NOT NULL AUTO_INCREMENT,
  `codigo` varchar(50) DEFAULT NULL,
  `descricao` varchar(255) NOT NULL,
  `valor` decimal(19,2) NOT NULL,
  `ativo` int(11) NOT NULL DEFAULT '1',
  `pode_agrupar` tinyint(1) NOT NULL DEFAULT '1',
  PRIMARY KEY (`id`)
) ENGINE=InnoDB AUTO_INCREMENT=211 DEFAULT CHARSET=latin1;
/*!40101 SET character_set_client = @saved_cs_client */;

--
-- Dumping data for table `produtos`
--

LOCK TABLES `produtos` WRITE;
/*!40000 ALTER TABLE `produtos` DISABLE KEYS */;
INSERT INTO `produtos` VALUES (1,'3024','ACAI CREME 300 ML',8.00,1,1),(2,'3025','ACAI CREME 500 ML',11.00,1,1),(3,'3022','ACAI VITAMINA 300 ML',5.00,1,1),(4,'3023','ACAI VITAMINA 500 ML',7.00,1,1),(5,'3012','AGUA DE COCO',4.50,1,1),(6,'60','AGUA MINERAL COM GAS',3.90,1,1),(7,'160','AGUA MINERAL GAS',2.50,1,1),(8,'159','AGUA MINERAL S/ GAS',2.00,1,1),(9,'59','AGUA MINERAL SEM GAS',3.30,1,1),(10,'48','ARROZ BRANCO',14.90,1,1),(11,'49','ARROZ COM ALHO',13.90,1,1),(12,'50','ARROZ COM BROCOLIS',16.90,1,1),(13,'3037','ARROZ DOCE',3.00,1,1),(14,'83','BACARDI',10.00,1,1),(15,'734','BACKER PILSEN',13.90,1,1),(16,'733','BACKER WEISS / BACKER PALE ALE',16.90,1,1),(17,'4016','BALA ICEKISS',0.10,1,1),(18,'4017','BALA TOFEES',0.20,1,1),(19,'4008','BANANINHA',2.00,1,1),(20,'18','BATATA FRITA',18.90,1,1),(21,'19','BATATA FRITA COM REQUEIJAO',22.90,1,1),(22,'20','BATATA FRITA COM REQUEIJAO E BACON',25.90,1,1),(23,'51','BATATA RECHEADA CHEDDAR E REOUEIJAO',32.90,1,1),(24,'45','BATATA SOUTE',16.90,1,1),(25,'4005','BATON',1.50,1,1),(26,'26','BIFE DE ANCHO (300GR)',55.50,1,1),(27,'27','BIFE DE ANCHO (500GR)',69.90,1,1),(28,'1010','BISCOITD DE QUEIJO',2.50,1,1),(29,'6005','BLACK HAT',10.00,1,1),(30,'6006','BLACK HAT MENTA',11.00,1,1),(31,'74','BOAZINHA',6.50,1,1),(32,'9','BOLINHO DE BACALHAU (16 UN)',29.90,1,1),(33,'72','BRAHMA/SKOL',9.00,1,1),(34,'2012','BRIGADEIRO',5.50,1,1),(35,'3032','BRIGADEIR0',2.00,1,1),(36,'3001','CAFE',1.00,1,1),(37,'3002','CAFE COM LEITE',2.00,1,1),(38,'3031','CAFÉ COM LEITE GRANDE',0.00,1,1),(39,'861','CAIPI FRUTA DA ESTACAO',15.90,1,1),(40,'81','CAIPIRINHA',12.50,1,1),(41,'80','CAIPIVODKA',14.90,1,1),(42,'34','CALDO DE FEIJAO / MANDIOCA',15.90,1,1),(43,'8','CAMARAO AO ALHO',52.90,1,1),(44,'82','CAMPARI',10.00,1,1),(45,'6003','CARLTON',9.00,1,1),(46,'17','CARNE DE PANELA',44.90,1,1),(47,'25','CARNE DE SERENO C/ MANDIOCA',47.90,1,1),(48,'13','CASQUINHA DE SIRI',14.50,1,1),(49,'3011','CHA MATE',4.50,1,1),(50,'2008','CHICABON',4.00,1,1),(51,'2001','CHICABONZINHO',2.00,1,1),(52,'2004','CHOCOBAR',3.00,1,1),(53,'4001','CHOKITO',2.50,1,1),(54,'1009','CIGARRETE',4.00,1,1),(55,'4012','CLORETS',0.30,1,1),(56,'70','COCA COLA & COCA COLA ZERO',6.00,1,1),(57,'3005','COCA COLA 2OO ML',2.50,1,1),(58,'3004','COCA COLA LATA',4.00,1,1),(59,'4019','COCADA',2.00,1,1),(60,'3030','CONTAS RECEBIDAS',0.00,1,1),(61,'87','CONTREAU',10.50,1,1),(62,'2009','CORNETO',5.00,1,1),(63,'2017','CORNETO',6.50,1,1),(64,'241','COSTELINHA SUINA',40.90,1,1),(65,'1013','COXINHA',4.00,1,1),(66,'4004','DIAMANTE NEGRO',2.50,1,1),(67,'78','DIRETORIA',6.00,1,1),(68,'4018','DOCE DE LEITE',1.50,1,1),(69,'85','DOMECQ',10.50,1,1),(70,'1002','EMPADA DE FRANCO',4.00,1,1),(71,'1003','EMPADA DE FRANGO C/ REOUEIJAO',4.00,1,1),(72,'69','ENERGETICO',12.00,1,1),(73,'1006','ESFIRRA DE CARNE',4.00,1,1),(74,'1005','ESFIRRA DE FRANGO',4.00,1,1),(75,'2013','ESKIBON',5.00,1,1),(76,'14','ESPETINHO DE CAMARA0',20.50,1,1),(77,'3','FILET DE DOURADO (DORE)',42.90,1,1),(78,'4','FILET DE FILHOTE (DORE)',43.80,1,1),(79,'15','FILET DE FRANGO C/ REQUEIJAO',32.90,1,1),(80,'2','FILET DE PINTAD0 (DORE)',42.90,1,1),(81,'53','FILET DE SURUBIM (DORE)',32.90,1,1),(82,'1','FILET DE SURUBIM (DORE)',42.90,1,1),(83,'5','FILET DE TILAPIA (DORE)',38.90,1,1),(84,'52','FILET DE TILAPIA (DORE)',28.90,1,1),(85,'35','FILET DE TILAPIA A PARMEGIANA',53.90,1,1),(86,'36','FILET DE TILAPIA A PARMEGIANA',63.90,1,1),(87,'6','FILET DE TRUTA (DORE. MOLHO DE AL',38.90,1,1),(88,'44','FILET MIGNON C/ FRITAS E QUEIJO',52.90,1,1),(89,'1015','FOLHADO',4.50,1,1),(90,'7003','FOSFORO',1.00,1,1),(91,'161','FRANGO A PASSARINHO',23.90,1,1),(92,'16','FRANGO CROCANTE',31.90,1,1),(93,'6002','FREE',8.25,1,1),(94,'2020','FRUTARRE MUITA FRUTA',5.00,1,1),(95,'2002','FRUTAS CALDA',2.25,1,1),(96,'2005','FRUTILLY',3.00,1,1),(97,'2005*','FRUTILLY',3.00,1,1),(98,'2010','FRUTTARE CASEIRO',4.50,1,1),(99,'2007','FRUTTARE COCO',4.00,1,1),(100,'2006','FRUTTARE FRUTAS',3.50,1,1),(101,'3015','GATORADE',5.50,1,1),(102,'3013','H2O',5.00,1,1),(103,'67','H2OH',6.80,1,1),(104,'4013','HALLS',2.50,1,1),(105,'6004','HOLLYWOOD',8.00,1,1),(106,'6000','ISQUEIRO',5.00,1,1),(107,'7002','ISQUEIRO PEQUENO',4.00,1,1),(108,'711','ITAIPAVA PREMIUM',9.50,1,1),(109,'31','JOELHO DE PORCO',49.90,1,1),(110,'581','JOHNNIE WALKER BLACK',16.90,1,1),(111,'58','JOHNNIE WALKER RED',12.00,1,1),(112,'1011','KIBE',4.00,1,1),(113,'2003','KIBOMBOM',3.50,1,1),(114,'2018','KIBON CARAMELO',5.50,1,1),(115,'2014','KIBON ZERO',5.50,1,1),(116,'4003','LAKA',2.50,1,1),(117,'12','LAMBARI',19.90,1,1),(118,'3003','LEITE COM TODDY',2.50,1,1),(119,'66','LIMONADA SUICA',6.00,1,1),(120,'331','LINGUA AO MOLHO',32.90,1,1),(121,'24','LINGUICA APERITIVO COM MANDIOCA',31.90,1,1),(122,'23','LINGUICA CASEIRA',30.90,1,1),(123,'732','LONG NECK',6.50,1,1),(124,'32','MACA DE PEITO',44.90,1,1),(125,'2016','MAGNUM',8.50,1,1),(126,'22','MANDIDCA',15.90,1,1),(127,'84','MARTINI',10.00,1,1),(128,'3017','MATE COURO',3.50,1,1),(129,'4020','MEIA PORCAO',0.00,1,1),(130,'243','MEXIDAO',19.90,1,1),(131,'2015','MINI ESKIBON',8.50,1,1),(132,'4021','MOEDA',0.50,1,1),(133,'28','MOELA AO MOLHO (500GR)',39.90,1,1),(134,'3016','MONSTER',10.00,1,1),(135,'55','MOQUECA DE CAMARAO',56.50,1,1),(136,'54','MOQUECA DE SURUBIM',49.90,1,1),(137,'561','MOQUECA DE SURUBIM COM CAMARAO',82.90,1,1),(138,'336','MOUSSE',2.00,1,1),(139,'71','ORIGINAL',10.00,1,1),(140,'4006','OURO BRANCO',1.00,1,1),(141,'4009','PACOQUINHA',1.00,1,1),(142,'4010','PACOQUINHA DIET',1.50,1,1),(143,'2024','PALHA BRANCA',15.00,1,1),(144,'21','PALMITO',27.90,1,1),(145,'1007','PAO DE BATATA FR',4.00,1,1),(146,'1008','PAO DE BATATA R',4.00,1,1),(147,'1001','PAO DE QUEIJO',2.00,1,1),(148,'1014','PAO DE QUEIJO LINGUICA',4.00,1,1),(149,'2025','PAO SAL',0.00,1,1),(150,'33','PASTEL DE CAMARAO (10 UN)',29.90,1,1),(151,'29','PASTEL DE CARNE / OUEIJO (10 UN)',26.90,1,1),(152,'1004','PASTEL DE FRANGO',4.00,1,1),(153,'4012','PE DE MOCA',2.00,1,1),(154,'4011','PE DE MOLEQUE',2.00,1,1),(155,'6001','PICADO',1.00,1,1),(156,'441','PICANHA (300GR)',65.90,1,1),(157,'442','PICANHA (500 GR)',79.90,1,1),(158,'56','PICANHA GRELHADA',33.90,1,1),(159,'42','PICANHA MATURADA (300 GR)',59.90,1,1),(160,'43','PICANHA MATURADA (500 GR)',75.50,1,1),(161,'3026','PINGADO',1.50,1,1),(162,'47','PIRA0',15.90,1,1),(163,'4002','PRESTIGIO',2.50,1,1),(164,'3039','PUDIM',3.00,1,1),(165,'46','PURE DE BATATA',15.90,1,1),(166,'61','REFRIGERANTE LATA',5.50,1,1),(167,'3006','REFRIGERANTE LATA',4.00,1,1),(168,'1012','RISOLE',4.00,1,1),(169,'49','ROCA',4.90,1,1),(170,'2030','ROTATIVO',5.50,1,1),(171,'562','SALADA 1',17.90,1,1),(172,'563','SALADA 2',28.90,1,1),(173,'3035','SALADA DE FRUTAS',3.00,1,1),(174,'75','SALINAS',6.50,1,1),(175,'10','SARDINHA (DORE)',18.90,1,1),(176,'11','SARDINHA (NO AZEIIE )',19.90,1,1),(177,'60','SCHWEPPES CITRUS',6.50,1,1),(178,'3007','SCHWEPPES LATA',4.00,1,1),(179,'76','SELETA',6.50,1,1),(180,'5000','SELF-SERVICE',0.00,1,0),(181,'731','SERRAMALTE / HEINEKER',10.50,1,1),(182,'73','SKOL LATA/BRAHMA/MALZBIER',6.00,1,1),(183,'407','SONHO DE VALSA',1.00,1,1),(184,'3018','SUCO 300 ML',4.00,1,1),(185,'3019','SUCO 500 ML',6.00,1,1),(186,'3010','SUCO CAIXINHA',2.50,1,1),(187,'64','SUCO DE ACEROLA COM LARANJA',7.50,1,1),(188,'65','SUC0 DE GRAVIOLA (POLPA)',6.00,1,1),(189,'63','SUCO DE LARANJA',6.00,1,1),(190,'62','SUCO DE LARANJA COM GRAVIOLA',6.50,1,1),(191,'3009','SUCO GARRAFA',4.50,1,1),(192,'3000','SUCO LATA',5.00,1,1),(193,'701','SUCO LATA',7.00,1,1),(194,'39','SURUBIM',44.90,1,1),(195,'2011','TABLITO',5.50,1,1),(196,'791','TEQUILA',9.00,1,1),(197,'40','TILAPIA',40.90,1,1),(198,'3032','TODDY GRANDE',0.00,1,1),(199,'3014','TODDYNHO',3.00,1,1),(200,'30','TORRESMO COM MANDIOCA',27.90,1,1),(201,'242','TORRESM0 DE BARRIGA',27.90,1,1),(202,'38','TRAIRA (KG)',71.90,1,1),(203,'37','TRAIRA (KG)',62.90,1,1),(204,'4015','TRIDENT',2.50,1,1),(205,'41','TRUTA',39.90,1,1),(206,'77','VALE VERDE',8.50,1,1),(207,'3020','VITAMINA 300 ML',5.00,1,1),(208,'3021','VITAMINA 500 ML',6.50,1,1),(209,'86','VODKA',8.50,1,1),(210,'57','WHITE HORSE',11.00,1,1);
/*!40000 ALTER TABLE `produtos` ENABLE KEYS */;
UNLOCK TABLES;

--
-- Table structure for table `unidade_medida`
--

DROP TABLE IF EXISTS `unidade_medida`;
/*!40101 SET @saved_cs_client     = @@character_set_client */;
/*!40101 SET character_set_client = utf8 */;
CREATE TABLE `unidade_medida` (
  `codigo` bigint(20) unsigned NOT NULL AUTO_INCREMENT,
  `abreviacao` varchar(5) CHARACTER SET utf8 DEFAULT NULL,
  `descricao` varchar(100) CHARACTER SET utf8 DEFAULT NULL,
  PRIMARY KEY (`codigo`),
  UNIQUE KEY `codigo` (`codigo`)
) ENGINE=InnoDB AUTO_INCREMENT=62 DEFAULT CHARSET=latin1;
/*!40101 SET character_set_client = @saved_cs_client */;

--
-- Dumping data for table `unidade_medida`
--

LOCK TABLES `unidade_medida` WRITE;
/*!40000 ALTER TABLE `unidade_medida` DISABLE KEYS */;
INSERT INTO `unidade_medida` VALUES (1,'AMPOL','AMPOLA'),(2,'BALDE','BALDE'),(3,'BANDE','BANDEJA'),(4,'BARRA','BARRA'),(5,'BISNA','BISNAGA'),(6,'BLOCO','BLOCO'),(7,'BOBIN','BOBINA'),(8,'BOMB','BOMBONA'),(9,'CAPS','CAPSULA'),(10,'CART','CARTELA'),(11,'CENTO','CENTO'),(12,'CJ','CONJUNTO'),(13,'CM','CENTIMETRO'),(14,'CM2','CENTIMETRO QUADRADO'),(15,'CX','CAIXA'),(16,'CX2','CAIXA COM 2 UNIDADES'),(17,'CX3','CAIXA COM 3 UNIDADES'),(18,'CX5','CAIXA COM 5 UNIDADES'),(19,'CX10','CAIXA COM 10 UNIDADES'),(20,'CX15','CAIXA COM 15 UNIDADES'),(21,'CX20','CAIXA COM 20 UNIDADES'),(22,'CX25','CAIXA COM 25 UNIDADES'),(23,'CX50','CAIXA COM 50 UNIDADES'),(24,'CX100','CAIXA COM 100 UNIDADES'),(25,'DISP','DISPLAY'),(26,'DUZIA','DUZIA'),(27,'EMBAL','EMBALAGEM'),(28,'FARDO','FARDO'),(29,'FOLHA','FOLHA'),(30,'FRASC','FRASCO'),(31,'GALAO','GALAO'),(32,'GF','GARRAFA'),(33,'GRAMA','GRAMAS'),(34,'JOGO','JOGO'),(35,'KG','QUILOGRAMA'),(36,'KIT','KIT'),(37,'LATA','LATA'),(38,'LITRO','LITRO'),(39,'M','METRO'),(40,'M2','METRO QUADRADO'),(41,'M3','METRO CUBICO'),(42,'MILHE','MILHEIRO'),(43,'ML','MILILITRO'),(44,'MWH','MEGAWATT HORA'),(45,'PACOT','PACOTE'),(46,'PALET','PALETE'),(47,'PARES','PARES'),(48,'PC','PECA'),(49,'POTE','POTE'),(50,'K','QUILATE'),(51,'RESMA','RESMA'),(52,'ROLO','ROLO'),(53,'SACO','SACO'),(54,'SACOL','SACOLA'),(55,'TAMBO','TAMBOR'),(56,'TANQU','TANQUE'),(57,'TON','TONELADA'),(58,'TUBO','TUBO'),(59,'UNID','UNIDADE'),(60,'VASIL','VASILHAME'),(61,'VIDRO','VIDRO');
/*!40000 ALTER TABLE `unidade_medida` ENABLE KEYS */;
UNLOCK TABLES;

--
-- Table structure for table `usuario_permissao`
--

DROP TABLE IF EXISTS `usuario_permissao`;
/*!40101 SET @saved_cs_client     = @@character_set_client */;
/*!40101 SET character_set_client = utf8 */;
CREATE TABLE `usuario_permissao` (
  `pk_codigo` int(10) unsigned NOT NULL AUTO_INCREMENT,
  `permissao` varchar(45) NOT NULL,
  `fk_codigo_usuario` int(10) unsigned NOT NULL,
  PRIMARY KEY (`pk_codigo`),
  UNIQUE KEY `pk_codigo_UNIQUE` (`pk_codigo`),
  KEY `fk_usuario_permissao_tbl_usuarios1_idx` (`fk_codigo_usuario`),
  CONSTRAINT `fk_usuario_permissao_tbl_usuarios1` FOREIGN KEY (`fk_codigo_usuario`) REFERENCES `usuarios` (`pk_codigo`) ON DELETE NO ACTION ON UPDATE NO ACTION
) ENGINE=InnoDB AUTO_INCREMENT=94 DEFAULT CHARSET=latin1;
/*!40101 SET character_set_client = @saved_cs_client */;

--
-- Dumping data for table `usuario_permissao`
--

LOCK TABLES `usuario_permissao` WRITE;
/*!40000 ALTER TABLE `usuario_permissao` DISABLE KEYS */;
INSERT INTO `usuario_permissao` VALUES (71,'cliente',1),(72,'produto',1),(73,'compras',1),(74,'fornecedor',1),(75,'usuario',1),(76,'venda',1),(77,'pagar',1),(78,'receber',1),(79,'empresa',1),(80,'cidade',1),(81,'unidade',1),(82,'pagamento',1),(83,'orcamento',1),(84,'caixa',1),(85,'produto',1),(86,'usuario',1),(87,'venda',1),(88,'pagamento',1),(89,'compras',1),(90,'pagar',1),(91,'receber',1),(92,'caixa',1),(93,'fornecedor',1);
/*!40000 ALTER TABLE `usuario_permissao` ENABLE KEYS */;
UNLOCK TABLES;

--
-- Table structure for table `usuarios`
--

DROP TABLE IF EXISTS `usuarios`;
/*!40101 SET @saved_cs_client     = @@character_set_client */;
/*!40101 SET character_set_client = utf8 */;
CREATE TABLE `usuarios` (
  `pk_codigo` int(10) unsigned NOT NULL AUTO_INCREMENT,
  `nome` varchar(45) NOT NULL,
  `login` varchar(45) NOT NULL,
  `senha` varchar(45) NOT NULL,
  `senha_cancelamento_item` varchar(45) DEFAULT NULL,
  PRIMARY KEY (`pk_codigo`)
) ENGINE=InnoDB AUTO_INCREMENT=2 DEFAULT CHARSET=latin1;
/*!40101 SET character_set_client = @saved_cs_client */;

--
-- Dumping data for table `usuarios`
--

LOCK TABLES `usuarios` WRITE;
/*!40000 ALTER TABLE `usuarios` DISABLE KEYS */;
INSERT INTO `usuarios` VALUES (1,'ADMINISTRADOR','admin','123','123');
/*!40000 ALTER TABLE `usuarios` ENABLE KEYS */;
UNLOCK TABLES;

--
-- Table structure for table `vendas`
--

DROP TABLE IF EXISTS `vendas`;
/*!40101 SET @saved_cs_client     = @@character_set_client */;
/*!40101 SET character_set_client = utf8 */;
CREATE TABLE `vendas` (
  `codigo` int(11) NOT NULL AUTO_INCREMENT,
  `data_venda` date DEFAULT NULL,
  `valor_total` decimal(19,2) DEFAULT NULL,
  `desconto` decimal(19,2) DEFAULT '0.00',
  `gorjeta` decimal(19,2) DEFAULT '0.00',
  `codigo_usuario` int(10) unsigned DEFAULT NULL,
  PRIMARY KEY (`codigo`),
  KEY `fk_vendas_usuarios1_idx` (`codigo_usuario`)
) ENGINE=InnoDB AUTO_INCREMENT=41 DEFAULT CHARSET=latin1;
/*!40101 SET character_set_client = @saved_cs_client */;

--
-- Dumping data for table `vendas`
--

LOCK TABLES `vendas` WRITE;
/*!40000 ALTER TABLE `vendas` DISABLE KEYS */;
INSERT INTO `vendas` VALUES (4,'2019-06-10',86.90,0.00,0.00,1),(5,'2019-06-10',24.90,0.00,0.00,1),(6,'2019-06-10',6.50,0.00,0.00,1),(7,'2019-06-10',81.40,0.00,0.00,1),(8,'2019-06-10',14.90,0.00,0.00,1),(9,'2019-06-10',11.00,0.00,0.00,1),(10,'2019-06-10',2.00,0.00,0.00,1),(11,'2019-06-11',3.00,0.00,0.00,1),(12,'2019-06-12',28.90,0.00,0.00,1),(13,'2019-06-12',16.90,0.00,0.00,1),(14,'2019-06-12',2.00,0.00,0.00,1),(15,'2019-06-12',10.00,0.00,0.00,1),(16,'2019-06-12',4.50,0.00,0.00,1),(17,'2019-06-12',11.00,0.00,0.00,1),(18,'2019-06-12',0.05,0.00,0.00,1),(19,'2019-06-12',20.00,0.00,0.00,1),(20,'2019-06-12',30.00,0.00,0.00,1),(21,'2019-06-12',8.90,0.00,0.00,1),(22,'2019-06-12',30.00,0.00,0.00,1),(23,'2019-06-12',10.00,0.00,0.00,1),(24,'2019-06-12',10.00,0.00,0.00,1),(25,'2019-06-12',10.90,0.00,0.00,1),(26,'2019-06-12',6.00,0.00,0.00,1),(27,'2019-06-12',0.50,0.00,0.00,1),(28,'2019-06-12',0.00,0.00,0.00,1),(29,'2019-06-12',25.00,0.00,0.00,1),(32,'2019-06-12',11.00,0.00,0.00,1),(33,'2019-06-12',5.00,0.00,0.00,1),(34,'2019-06-12',13.90,0.00,0.00,1),(35,'2019-07-01',208.90,0.00,0.00,1),(36,'2019-07-01',4.50,0.00,0.00,1),(37,'2019-07-01',3.90,0.00,0.00,1),(38,'2019-07-01',5.00,0.00,0.50,1),(39,'2019-07-01',2.50,0.00,0.25,1),(40,'2019-07-01',3.90,0.00,0.25,1);
/*!40000 ALTER TABLE `vendas` ENABLE KEYS */;
UNLOCK TABLES;

--
-- Table structure for table `vendas_produto`
--

DROP TABLE IF EXISTS `vendas_produto`;
/*!40101 SET @saved_cs_client     = @@character_set_client */;
/*!40101 SET character_set_client = utf8 */;
CREATE TABLE `vendas_produto` (
  `codigo` int(11) NOT NULL AUTO_INCREMENT,
  `quantidade` float DEFAULT NULL,
  `valor_unitario` double NOT NULL,
  `codigo_venda` int(11) NOT NULL,
  `codigo_produto` int(11) NOT NULL,
  PRIMARY KEY (`codigo`),
  KEY `fk_vendas_produto_vendas1_idx` (`codigo_venda`),
  KEY `fk_vendas_produto_produtos1_idx` (`codigo_produto`),
  CONSTRAINT `fk_vendas_produto_produtos1` FOREIGN KEY (`codigo_produto`) REFERENCES `produtos` (`id`) ON DELETE NO ACTION ON UPDATE NO ACTION,
  CONSTRAINT `fk_vendas_produto_vendas1` FOREIGN KEY (`codigo_venda`) REFERENCES `vendas` (`codigo`) ON DELETE NO ACTION ON UPDATE NO ACTION
) ENGINE=InnoDB AUTO_INCREMENT=37 DEFAULT CHARSET=latin1;
/*!40101 SET character_set_client = @saved_cs_client */;

--
-- Dumping data for table `vendas_produto`
--

LOCK TABLES `vendas_produto` WRITE;
/*!40000 ALTER TABLE `vendas_produto` DISABLE KEYS */;
INSERT INTO `vendas_produto` VALUES (1,1,7,4,4),(2,1,10,4,14),(3,1,69.9,4,27),(4,1,2,5,8),(5,1,22.9,5,21),(6,1,4.5,6,5),(7,1,2,6,37),(8,1,25.9,7,22),(9,1,55.5,7,26),(10,1,14.9,8,10),(11,1,3,9,13),(12,1,8,9,1),(13,1,2,10,8),(14,1,3,11,13),(15,1,3,12,13),(16,1,25.9,12,22),(17,1,16.9,13,12),(18,1,2,14,8),(19,1,10,15,14),(20,1,4.5,16,5),(21,1,11,17,2),(22,1,0.1,18,17),(23,1,22.9,19,21),(24,1,32.9,20,23),(25,1,18.9,21,20),(26,1,32.9,22,23),(27,1,13.9,23,15),(28,1,16.9,24,12),(29,1,16.9,25,12),(30,1,16.9,26,12),(31,1,2,27,19),(32,1,2.5,28,7),(33,1,2,29,19),(34,1,25.9,29,22),(35,1,11,32,2),(36,1,5,33,3);
/*!40000 ALTER TABLE `vendas_produto` ENABLE KEYS */;
UNLOCK TABLES;
/*!40103 SET TIME_ZONE=@OLD_TIME_ZONE */;

/*!40101 SET SQL_MODE=@OLD_SQL_MODE */;
/*!40014 SET FOREIGN_KEY_CHECKS=@OLD_FOREIGN_KEY_CHECKS */;
/*!40014 SET UNIQUE_CHECKS=@OLD_UNIQUE_CHECKS */;
/*!40101 SET CHARACTER_SET_CLIENT=@OLD_CHARACTER_SET_CLIENT */;
/*!40101 SET CHARACTER_SET_RESULTS=@OLD_CHARACTER_SET_RESULTS */;
/*!40101 SET COLLATION_CONNECTION=@OLD_COLLATION_CONNECTION */;
/*!40111 SET SQL_NOTES=@OLD_SQL_NOTES */;

-- Dump completed on 2019-07-10 17:02:41
